{
    "accuracy": 0.5714285714285714,
    "precision": 0.7999999999999999,
    "recall": 0.6,
    "f1": 0.5627111256401874,
    "classification_report": {
        "<PAD>": {
            "precision": 0.0,
            "recall": 0.0,
            "f1-score": 0.0,
            "support": 0.0
        },
        "KennyKwok": {
            "precision": 0.4,
            "recall": 1.0,
            "f1-score": 0.5714285714285714,
            "support": 12.0
        },
        "Yao": {
            "precision": 1.0,
            "recall": 0.5333333333333333,
            "f1-score": 0.6956521739130435,
            "support": 15.0
        },
        "trainsick": {
            "precision": 1.0,
            "recall": 0.26666666666666666,
            "f1-score": 0.42105263157894735,
            "support": 15.0
        },
        "accuracy": 0.5714285714285714,
        "macro avg": {
            "precision": 0.6,
            "recall": 0.44999999999999996,
            "f1-score": 0.42203334423014055,
            "support": 42.0
        },
        "weighted avg": {
            "precision": 0.8285714285714285,
            "recall": 0.5714285714285714,
            "f1-score": 0.5620884509410172,
            "support": 42.0
        }
    },
    "num_tokens_50_bin_accuracies": {
        "0-49": {
            "correct": 16,
            "total": 28
        },
        "50-99": {
            "correct": 5,
            "total": 9
        },
        "100-149": {
            "correct": 1,
            "total": 1
        },
        "150-199": {
            "correct": 2,
            "total": 3
        },
        "200-249": {
            "correct": 0,
            "total": 1
        },
        "250-299": {
            "correct": 0,
            "total": 0
        },
        "300-349": {
            "correct": 0,
            "total": 0
        },
        "350-399": {
            "correct": 0,
            "total": 0
        },
        "400-449": {
            "correct": 0,
            "total": 0
        },
        "450-499": {
            "correct": 0,
            "total": 0
        }
    },
    "num_tokens_20_bin_accuracies": {
        "0-19": {
            "correct": 2,
            "total": 3
        },
        "20-39": {
            "correct": 13,
            "total": 19
        },
        "40-59": {
            "correct": 3,
            "total": 9
        },
        "60-79": {
            "correct": 2,
            "total": 4
        },
        "80-99": {
            "correct": 1,
            "total": 2
        },
        "100-119": {
            "correct": 1,
            "total": 1
        },
        "120-139": {
            "correct": 0,
            "total": 0
        },
        "140-159": {
            "correct": 1,
            "total": 1
        },
        "160-179": {
            "correct": 0,
            "total": 0
        },
        "180-199": {
            "correct": 1,
            "total": 2
        },
        "200-219": {
            "correct": 0,
            "total": 1
        },
        "220-239": {
            "correct": 0,
            "total": 0
        },
        "240-259": {
            "correct": 0,
            "total": 0
        },
        "260-279": {
            "correct": 0,
            "total": 0
        },
        "280-299": {
            "correct": 0,
            "total": 0
        },
        "300-319": {
            "correct": 0,
            "total": 0
        },
        "320-339": {
            "correct": 0,
            "total": 0
        },
        "340-359": {
            "correct": 0,
            "total": 0
        },
        "360-379": {
            "correct": 0,
            "total": 0
        },
        "380-399": {
            "correct": 0,
            "total": 0
        },
        "400-419": {
            "correct": 0,
            "total": 0
        },
        "420-439": {
            "correct": 0,
            "total": 0
        },
        "440-459": {
            "correct": 0,
            "total": 0
        },
        "460-479": {
            "correct": 0,
            "total": 0
        },
        "480-499": {
            "correct": 0,
            "total": 0
        }
    },
    "ast_depth_5_bin_accuracies": {
        "0-4": {
            "correct": 0,
            "total": 0
        },
        "5-9": {
            "correct": 14,
            "total": 24
        },
        "10-14": {
            "correct": 5,
            "total": 11
        },
        "15-19": {
            "correct": 4,
            "total": 5
        },
        "20-24": {
            "correct": 1,
            "total": 2
        },
        "25-29": {
            "correct": 0,
            "total": 0
        },
        "30-34": {
            "correct": 0,
            "total": 0
        },
        "35-39": {
            "correct": 0,
            "total": 0
        },
        "40-44": {
            "correct": 0,
            "total": 0
        },
        "45-49": {
            "correct": 0,
            "total": 0
        }
    },
    "ast_depth_2_bin_accuracies": {
        "0-1": {
            "correct": 0,
            "total": 0
        },
        "2-3": {
            "correct": 0,
            "total": 0
        },
        "4-5": {
            "correct": 1,
            "total": 2
        },
        "6-7": {
            "correct": 12,
            "total": 15
        },
        "8-9": {
            "correct": 1,
            "total": 7
        },
        "10-11": {
            "correct": 3,
            "total": 6
        },
        "12-13": {
            "correct": 1,
            "total": 4
        },
        "14-15": {
            "correct": 1,
            "total": 1
        },
        "16-17": {
            "correct": 2,
            "total": 3
        },
        "18-19": {
            "correct": 2,
            "total": 2
        },
        "20-21": {
            "correct": 1,
            "total": 1
        },
        "22-23": {
            "correct": 0,
            "total": 1
        },
        "24-25": {
            "correct": 0,
            "total": 0
        },
        "26-27": {
            "correct": 0,
            "total": 0
        },
        "28-29": {
            "correct": 0,
            "total": 0
        },
        "30-31": {
            "correct": 0,
            "total": 0
        },
        "32-33": {
            "correct": 0,
            "total": 0
        },
        "34-35": {
            "correct": 0,
            "total": 0
        },
        "36-37": {
            "correct": 0,
            "total": 0
        },
        "38-39": {
            "correct": 0,
            "total": 0
        },
        "40-41": {
            "correct": 0,
            "total": 0
        },
        "42-43": {
            "correct": 0,
            "total": 0
        },
        "44-45": {
            "correct": 0,
            "total": 0
        },
        "46-47": {
            "correct": 0,
            "total": 0
        },
        "48-49": {
            "correct": 0,
            "total": 0
        }
    },
    "num_nodes_50_bin_accuracies": {
        "0-49": {
            "correct": 11,
            "total": 13
        },
        "50-99": {
            "correct": 5,
            "total": 15
        },
        "100-149": {
            "correct": 4,
            "total": 7
        },
        "150-199": {
            "correct": 1,
            "total": 2
        },
        "200-249": {
            "correct": 1,
            "total": 1
        },
        "250-299": {
            "correct": 0,
            "total": 0
        },
        "300-349": {
            "correct": 1,
            "total": 1
        },
        "350-399": {
            "correct": 1,
            "total": 2
        },
        "400-449": {
            "correct": 0,
            "total": 1
        },
        "450-499": {
            "correct": 0,
            "total": 0
        },
        "500-549": {
            "correct": 0,
            "total": 0
        },
        "550-599": {
            "correct": 0,
            "total": 0
        }
    },