{
    "accuracy": 0.7109375,
    "precision": 0.7207956185228913,
    "recall": 0.7119490358126722,
    "f1": 0.7104531037335463,
    "classification_report": {
        "<PAD>": {
            "precision": 0.0,
            "recall": 0.0,
            "f1-score": 0.0,
            "support": 0.0
        },
        "DQUADROS": {
            "precision": 0.75,
            "recall": 0.8181818181818182,
            "f1-score": 0.782608695652174,
            "support": 11.0
        },
        "Hearson": {
            "precision": 0.75,
            "recall": 0.5454545454545454,
            "f1-score": 0.631578947368421,
            "support": 11.0
        },
        "Hiroshi": {
            "precision": 0.6363636363636364,
            "recall": 0.6363636363636364,
            "f1-score": 0.6363636363636364,
            "support": 11.0
        },
        "Ioannis70": {
            "precision": 0.8181818181818182,
            "recall": 0.8181818181818182,
            "f1-score": 0.8181818181818182,
            "support": 11.0
        },
        "KennyKwok": {
            "precision": 0.5,
            "recall": 0.7272727272727273,
            "f1-score": 0.5925925925925926,
            "support": 11.0
        },
        "Vitaliy": {
            "precision": 0.5714285714285714,
            "recall": 0.7272727272727273,
            "f1-score": 0.64,
            "support": 11.0
        },
        "Yao": {
            "precision": 1.0,
            "recall": 0.9375,
            "f1-score": 0.967741935483871,
            "support": 16.0
        },
        "alan790712": {
            "precision": 0.625,
            "recall": 0.45454545454545453,
            "f1-score": 0.5263157894736842,
            "support": 11.0
        },
        "along": {
            "precision": 0.7777777777777778,
            "recall": 0.7,
            "f1-score": 0.7368421052631579,
            "support": 10.0
        },
        "trainsick": {
            "precision": 0.5,
            "recall": 0.4666666666666667,
            "f1-score": 0.4827586206896552,
            "support": 15.0
        },
        "tutty": {
            "precision": 1.0,
            "recall": 1.0,
            "f1-score": 1.0,
            "support": 10.0
        },
        "accuracy": 0.7109375,
        "macro avg": {
            "precision": 0.660729316979317,
            "recall": 0.6526199494949495,
            "f1-score": 0.6512486784224175,
            "support": 128.0
        },
        "weighted avg": {
            "precision": 0.7221757192460316,
            "recall": 0.7109375,
            "f1-score": 0.71091974692714,
            "support": 128.0
        }
    },
    "num_tokens_50_bin_accuracies": {
        "0-49": {
            "correct": 50,
            "total": 67
        },
        "50-99": {
            "correct": 20,
            "total": 34
        },
        "100-149": {
            "correct": 5,
            "total": 10
        },
        "150-199": {
            "correct": 9,
            "total": 9
        },
        "200-249": {
            "correct": 2,
            "total": 3
        },
        "250-299": {
            "correct": 5,
            "total": 0
        },
        "300-349": {
            "correct": 0,
            "total": 0
        },
        "350-399": {
            "correct": 0,
            "total": 0
        },
        "400-449": {
            "correct": 0,
            "total": 0
        },
        "450-499": {
            "correct": 0,
            "total": 0
        }
    },
    "num_tokens_20_bin_accuracies": {
        "0-19": {
            "correct": 12,
            "total": 22
        },
        "20-39": {
            "correct": 31,
            "total": 37
        },
        "40-59": {
            "correct": 12,
            "total": 15
        },
        "60-79": {
            "correct": 9,
            "total": 15
        },
        "80-99": {
            "correct": 6,
            "total": 12
        },
        "100-119": {
            "correct": 2,
            "total": 6
        },
        "120-139": {
            "correct": 1,
            "total": 2
        },
        "140-159": {
            "correct": 2,
            "total": 2
        },
        "160-179": {
            "correct": 6,
            "total": 6
        },
        "180-199": {
            "correct": 3,
            "total": 3
        },
        "200-219": {
            "correct": 0,
            "total": 1
        },
        "220-239": {
            "correct": 1,
            "total": 1
        },
        "240-259": {
            "correct": 1,
            "total": 1
        },
        "260-279": {
            "correct": 0,
            "total": 0
        },
        "280-299": {
            "correct": 5,
            "total": 0
        },
        "300-319": {
            "correct": 0,
            "total": 0
        },
        "320-339": {
            "correct": 0,
            "total": 0
        },
        "340-359": {
            "correct": 0,
            "total": 0
        },
        "360-379": {
            "correct": 0,
            "total": 0
        },
        "380-399": {
            "correct": 0,
            "total": 0
        },
        "400-419": {
            "correct": 0,
            "total": 0
        },
        "420-439": {
            "correct": 0,
            "total": 0
        },
        "440-459": {
            "correct": 0,
            "total": 0
        },
        "460-479": {
            "correct": 0,
            "total": 0
        },
        "480-499": {
            "correct": 0,
            "total": 0
        }
    },
    "ast_depth_5_bin_accuracies": {
        "0-4": {
            "correct": 1,
            "total": 3
        },
        "5-9": {
            "correct": 43,
            "total": 57
        },
        "10-14": {
            "correct": 29,
            "total": 46
        },
        "15-19": {
            "correct": 14,
            "total": 15
        },
        "20-24": {
            "correct": 4,
            "total": 2
        },
        "25-29": {
            "correct": 0,
            "total": 0
        },
        "30-34": {
            "correct": 0,
            "total": 0
        },
        "35-39": {
            "correct": 0,
            "total": 0
        },
        "40-44": {
            "correct": 0,
            "total": 0
        },
        "45-49": {
            "correct": 0,
            "total": 0
        }
    },
    "ast_depth_2_bin_accuracies": {
        "0-1": {
            "correct": 0,
            "total": 0
        },
        "2-3": {
            "correct": 0,
            "total": 0
        },
        "4-5": {
            "correct": 3,
            "total": 9
        },
        "6-7": {
            "correct": 19,
            "total": 23
        },
        "8-9": {
            "correct": 22,
            "total": 28
        },
        "10-11": {
            "correct": 19,
            "total": 25
        },
        "12-13": {
            "correct": 9,
            "total": 19
        },
        "14-15": {
            "correct": 6,
            "total": 9
        },
        "16-17": {
            "correct": 3,
            "total": 4
        },
        "18-19": {
            "correct": 6,
            "total": 4
        },
        "20-21": {
            "correct": 3,
            "total": 1
        },
        "22-23": {
            "correct": 1,
            "total": 1
        },
        "24-25": {
            "correct": 0,
            "total": 0
        },
        "26-27": {
            "correct": 0,
            "total": 0
        },
        "28-29": {
            "correct": 0,
            "total": 0
        },
        "30-31": {
            "correct": 0,
            "total": 0
        },
        "32-33": {
            "correct": 0,
            "total": 0
        },
        "34-35": {
            "correct": 0,
            "total": 0
        },
        "36-37": {
            "correct": 0,
            "total": 0
        },
        "38-39": {
            "correct": 0,