{
    "accuracy": 0.6171875,
    "precision": 0.7550607616784087,
    "recall": 0.5978994490358127,
    "f1": 0.5808072260740482,
    "classification_report": {
        "<PAD>": {
            "precision": 0.0,
            "recall": 0.0,
            "f1-score": 0.0,
            "support": 0.0
        },
        "DQUADROS": {
            "precision": 1.0,
            "recall": 0.6363636363636364,
            "f1-score": 0.7777777777777778,
            "support": 11.0
        },
        "Hearson": {
            "precision": 1.0,
            "recall": 0.1,
            "f1-score": 0.18181818181818182,
            "support": 10.0
        },
        "Hiroshi": {
            "precision": 0.5294117647058824,
            "recall": 0.8181818181818182,
            "f1-score": 0.6428571428571429,
            "support": 11.0
        },
        "Ioannis70": {
            "precision": 0.5625,
            "recall": 0.8181818181818182,
            "f1-score": 0.6666666666666666,
            "support": 11.0
        },
        "KennyKwok": {
            "precision": 0.6,
            "recall": 0.75,
            "f1-score": 0.6666666666666666,
            "support": 12.0
        },
        "Vitaliy": {
            "precision": 1.0,
            "recall": 0.1,
            "f1-score": 0.18181818181818182,
            "support": 10.0
        },
        "Yao": {
            "precision": 0.9285714285714286,
            "recall": 0.8666666666666667,
            "f1-score": 0.896551724137931,
            "support": 15.0
        },
        "alan790712": {
            "precision": 1.0,
            "recall": 0.5,
            "f1-score": 0.6666666666666666,
            "support": 12.0
        },
        "along": {
            "precision": 0.4444444444444444,
            "recall": 0.8,
            "f1-score": 0.5714285714285714,
            "support": 10.0
        },
        "trainsick": {
            "precision": 0.4074074074074074,
            "recall": 0.6875,
            "f1-score": 0.5116279069767442,
            "support": 16.0
        },
        "tutty": {
            "precision": 0.8333333333333334,
            "recall": 0.5,
            "f1-score": 0.625,
            "support": 10.0
        },
        "accuracy": 0.6171875,
        "macro avg": {
            "precision": 0.6921390315385413,
            "recall": 0.548074494949495,
            "f1-score": 0.532406623901211,
            "support": 128.0
        },
        "weighted avg": {
            "precision": 0.7455929463799409,
            "recall": 0.6171875,
            "f1-score": 0.5952756967551851,
            "support": 128.0
        }
    },
    "num_tokens_50_bin_accuracies": {
        "0-49": {
            "correct": 47,
            "total": 80
        },
        "50-99": {
            "correct": 19,
            "total": 27
        },
        "100-149": {
            "correct": 9,
            "total": 10
        },
        "150-199": {
            "correct": 4,
            "total": 7
        },
        "200-249": {
            "correct": 0,
            "total": 2
        },
        "250-299": {
            "correct": 0,
            "total": 2
        },
        "300-349": {
            "correct": 0,
            "total": 0
        },
        "350-399": {
            "correct": 0,
            "total": 0
        },
        "400-449": {
            "correct": 0,
            "total": 0
        },
        "450-499": {
            "correct": 0,
            "total": 0
        }
    },
    "num_tokens_20_bin_accuracies": {
        "0-19": {
            "correct": 11,
            "total": 26
        },
        "20-39": {
            "correct": 27,
            "total": 43
        },
        "40-59": {
            "correct": 13,
            "total": 17
        },
        "60-79": {
            "correct": 9,
            "total": 12
        },
        "80-99": {
            "correct": 6,
            "total": 9
        },
        "100-119": {
            "correct": 8,
            "total": 9
        },
        "120-139": {
            "correct": 1,
            "total": 1
        },
        "140-159": {
            "correct": 0,
            "total": 0
        },
        "160-179": {
            "correct": 3,
            "total": 6
        },
        "180-199": {
            "correct": 1,
            "total": 1
        },
        "200-219": {
            "correct": 0,
            "total": 1
        },
        "220-239": {
            "correct": 0,
            "total": 1
        },
        "240-259": {
            "correct": 0,
            "total": 1
        },
        "260-279": {
            "correct": 0,
            "total": 0
        },
        "280-299": {
            "correct": 0,
            "total": 1
        },
        "300-319": {
            "correct": 0,
            "total": 0
        },
        "320-339": {
            "correct": 0,
            "total": 0
        },
        "340-359": {
            "correct": 0,
            "total": 0
        },
        "360-379": {
            "correct": 0,
            "total": 0
        },
        "380-399": {
            "correct": 0,
            "total": 0
        },
        "400-419": {
            "correct": 0,
            "total": 0
        },
        "420-439": {
            "correct": 0,
            "total": 0
        },
        "440-459": {
            "correct": 0,
            "total": 0
        },
        "460-479": {
            "correct": 0,
            "total": 0
        },
        "480-499": {
            "correct": 0,
            "total": 0
        }
    },
    "ast_depth_5_bin_accuracies": {
        "0-4": {
            "correct": 0,
            "total": 4
        },
        "5-9": {
            "correct": 38,
            "total": 66
        },
        "10-14": {
            "correct": 33,
            "total": 44
        },
        "15-19": {
            "correct": 8,
            "total": 13
        },
        "20-24": {
            "correct": 0,
            "total": 0
        },
        "25-29": {
            "correct": 0,
            "total": 1
        },
        "30-34": {
            "correct": 0,
            "total": 0
        },
        "35-39": {
            "correct": 0,
            "total": 0
        },
        "40-44": {
            "correct": 0,
            "total": 0
        },
        "45-49": {
            "correct": 0,
            "total": 0
        }
    },
    "ast_depth_2_bin_accuracies": {
        "0-1": {
            "correct": 0,
            "total": 0
        },
        "2-3": {
            "correct": 0,
            "total": 1
        },
        "4-5": {
            "correct": 1,
            "total": 7
        },
        "6-7": {
            "correct": 24,
            "total": 36
        },
        "8-9": {
            "correct": 13,
            "total": 26
        },
        "10-11": {
            "correct": 18,
            "total": 23
        },
        "12-13": {
            "correct": 11,
            "total": 17
        },
        "14-15": {
            "correct": 6,
            "total": 7
        },
        "16-17": {
            "correct": 5,
            "total": 9
        },
        "18-19": {
            "correct": 1,
            "total": 1
        },
        "20-21": {
            "correct": 0,
            "total": 0
        },
        "22-23": {
            "correct": 0,
            "total": 0
        },
        "24-25": {
            "correct": 0,
            "total": 0
        },
        "26-27": {
            "correct": 0,
            "total": 1
        },
        "28-29": {
            "correct": 0,
            "total": 0
        },
        "30-31": {
            "correct": 0,
            "total": 0
        },
        "32-33": {
            "correct": 0,
            "total": 0
        },
        "34-35": {
            "correct": 0,
            "total": 0
        },
        "36-37": {
            "correct": 0,
            "total": 0
        },
        "38-39": {
            "correct": 0,
            "total": 0
        },