{
    "accuracy": 0.47058823529411764,
    "precision": 0.6309286392619726,
    "recall": 0.47747381219603435,
    "f1": 0.5040073276872258,
    "classification_report": {
        "<PAD>": {
            "precision": 0.0,
            "recall": 0.0,
            "f1-score": 0.0,
            "support": 0.0
        },
        ".bf": {
            "precision": 0.5,
            "recall": 0.625,
            "f1-score": 0.5555555555555556,
            "support": 8.0
        },
        "0xFACE": {
            "precision": 0.4666666666666667,
            "recall": 0.875,
            "f1-score": 0.6086956521739131,
            "support": 8.0
        },
        "Akerfeldt": {
            "precision": 0.6666666666666666,
            "recall": 0.2,
            "f1-score": 0.3076923076923077,
            "support": 10.0
        },
        "BeerCode": {
            "precision": 0.0,
            "recall": 0.0,
            "f1-score": 0.0,
            "support": 9.0
        },
        "DQUADROS": {
            "precision": 0.75,
            "recall": 0.5454545454545454,
            "f1-score": 0.631578947368421,
            "support": 11.0
        },
        "Eduardopa": {
            "precision": 1.0,
            "recall": 0.8888888888888888,
            "f1-score": 0.9411764705882353,
            "support": 9.0
        },
        "FurtherLee": {
            "precision": 1.0,
            "recall": 0.4444444444444444,
            "f1-score": 0.6153846153846154,
            "support": 9.0
        },
        "Hearson": {
            "precision": 0.25,
            "recall": 0.2,
            "f1-score": 0.2222222222222222,
            "support": 10.0
        },
        "Herty": {
            "precision": 1.0,
            "recall": 0.5555555555555556,
            "f1-score": 0.7142857142857143,
            "support": 9.0
        },
        "Hiroshi": {
            "precision": 0.5,
            "recall": 0.2727272727272727,
            "f1-score": 0.35294117647058826,
            "support": 11.0
        },
        "Ioannis70": {
            "precision": 0.5,
            "recall": 0.6363636363636364,
            "f1-score": 0.56,
            "support": 11.0
        },
        "Karun": {
            "precision": 0.6666666666666666,
            "recall": 0.2222222222222222,
            "f1-score": 0.3333333333333333,
            "support": 9.0
        },
        "KennyKwok": {
            "precision": 0.625,
            "recall": 0.4166666666666667,
            "f1-score": 0.5,
            "support": 12.0
        },
        "StephenChen": {
            "precision": 1.0,
            "recall": 0.5555555555555556,
            "f1-score": 0.7142857142857143,
            "support": 9.0
        },
        "Vitaliy": {
            "precision": 1.0,
            "recall": 0.4,
            "f1-score": 0.5714285714285714,
            "support": 10.0
        },
        "Yao": {
            "precision": 1.0,
            "recall": 0.625,
            "f1-score": 0.7692307692307693,
            "support": 16.0
        },
        "alan790712": {
            "precision": 0.5714285714285714,
            "recall": 0.36363636363636365,
            "f1-score": 0.4444444444444444,
            "support": 11.0
        },
        "along": {
            "precision": 0.375,
            "recall": 0.6,
            "f1-score": 0.46153846153846156,
            "support": 10.0
        },
        "darkraven": {
            "precision": 0.3,
            "recall": 0.3,
            "f1-score": 0.3,
            "support": 10.0
        },
        "ferruhy": {
            "precision": 0.4166666666666667,
            "recall": 0.5,
            "f1-score": 0.45454545454545453,
            "support": 10.0
        },
        "goober": {
            "precision": 0.3076923076923077,
            "recall": 0.4444444444444444,
            "f1-score": 0.36363636363636365,
            "support": 9.0
        },
        "mtsay": {
            "precision": 0.6666666666666666,
            "recall": 0.2222222222222222,
            "f1-score": 0.3333333333333333,
            "support": 9.0
        },
        "peterpan": {
            "precision": 0.8,
            "recall": 0.4444444444444444,
            "f1-score": 0.5714285714285714,
            "support": 9.0
        },
        "ravi00ei51": {
            "precision": 0.875,
            "recall": 0.875,
            "f1-score": 0.875,
            "support": 8.0
        },
        "sungyz": {
            "precision": 0.08333333333333333,
            "recall": 0.6666666666666666,
            "f1-score": 0.14814814814814814,
            "support": 9.0
        },
        "trainsick": {
            "precision": 0.7142857142857143,
            "recall": 0.3125,
            "f1-score": 0.43478260869565216,
            "support": 16.0
        },
        "tutty": {
            "precision": 1.0,
            "recall": 0.7,
            "f1-score": 0.8235294117647058,
            "support": 10.0
        },
        "accuracy": 0.47058823529411764,
        "macro avg": {
            "precision": 0.608395473574045,
            "recall": 0.460421176046176,
            "f1-score": 0.48600706598411064,
            "support": 272.0
        },
        "weighted avg": {
            "precision": 0.6397065556992028,
            "recall": 0.47058823529411764,
            "f1-score": 0.5054467229099631,
            "support": 272.0
        }
    },
    "num_tokens_50_bin_accuracies": {
        "0-49": {
            "correct": 71,
            "total": 148
        },
        "50-99": {
            "correct": 33,
            "total": 70
        },
        "100-149": {
            "correct": 13,
            "total": 29
        },
        "150-199": {
            "correct": 7,
            "total": 13
        },
        "200-249": {
            "correct": 3,
            "total": 9
        },
        "250-299": {
            "correct": 1,
            "total": 2
        },
        "300-349": {
            "correct": 0,
            "total": 0
        },
        "350-399": {
            "correct": 0,
            "total": 0
        },
        "400-449": {
            "correct": 0,
            "total": 0
        },
        "450-499": {
            "correct": 0,
            "total": 0
        }
    },
    "num_tokens_20_bin_accuracies": {
        "0-19": {
            "correct": 18,
            "total": 46
        },
        "20-39": {
            "correct": 42,
            "total": 81
        },
        "40-59": {
            "correct": 24,
            "total": 46
        },
        "60-79": {
            "correct": 9,
            "total": 20
        },
        "80-99": {
            "correct": 11,
            "total": 25
        },
        "100-119": {
            "correct": 4,
            "total": 15
        },
        "120-139": {
            "correct": 6,
            "total": 9
        },
        "140-159": {
            "correct": 4,
            "total": 8
        },
        "160-179": {
            "correct": 4,
            "total": 7
        },
        "180-199": {
            "correct": 2,
            "total": 3
        },
        "200-219": {
            "correct": 1,
            "total": 6
        },
        "220-239": {
            "correct": 1,
            "total": 2
        },
        "240-259": {
            "correct": 1,
            "total": 2
        },
        "260-279": {
            "correct": 1,
            "total": 1
        },
        "280-299": {
            "correct": 0,
            "total": 0
        },
        "300-319": {
            "correct": 0,
            "total": 0
        },
        "320-339": {
            "correct": 0,
            "total": 0
        },
        "340-359": {
            "correct": 0,
            "total": 0
        },
        "360-379": {
            "correct": 0,
            "total": 0
        },
        "380-399": {
            "correct": 0,
            "total": 0
        },
        "400-419": {
            "correct": 0,
            "total": 0
        },