{
    "accuracy": 0.4411764705882353,
    "precision": 0.6005946349513601,
    "recall": 0.4471473999251777,
    "f1": 0.4608676458082617,
    "classification_report": {
        "<PAD>": {
            "precision": 0.0,
            "recall": 0.0,
            "f1-score": 0.0,
            "support": 0.0
        },
        ".bf": {
            "precision": 0.8333333333333334,
            "recall": 0.625,
            "f1-score": 0.7142857142857143,
            "support": 8.0
        },
        "0xFACE": {
            "precision": 0.26666666666666666,
            "recall": 0.5,
            "f1-score": 0.34782608695652173,
            "support": 8.0
        },
        "Akerfeldt": {
            "precision": 0.25,
            "recall": 0.1,
            "f1-score": 0.14285714285714285,
            "support": 10.0
        },
        "BeerCode": {
            "precision": 0.3333333333333333,
            "recall": 0.2222222222222222,
            "f1-score": 0.26666666666666666,
            "support": 9.0
        },
        "DQUADROS": {
            "precision": 0.7272727272727273,
            "recall": 0.7272727272727273,
            "f1-score": 0.7272727272727273,
            "support": 11.0
        },
        "Eduardopa": {
            "precision": 0.5454545454545454,
            "recall": 0.6666666666666666,
            "f1-score": 0.6,
            "support": 9.0
        },
        "FurtherLee": {
            "precision": 1.0,
            "recall": 0.5555555555555556,
            "f1-score": 0.7142857142857143,
            "support": 9.0
        },
        "Hearson": {
            "precision": 0.0,
            "recall": 0.0,
            "f1-score": 0.0,
            "support": 10.0
        },
        "Herty": {
            "precision": 0.8571428571428571,
            "recall": 0.6666666666666666,
            "f1-score": 0.75,
            "support": 9.0
        },
        "Hiroshi": {
            "precision": 0.8333333333333334,
            "recall": 0.45454545454545453,
            "f1-score": 0.5882352941176471,
            "support": 11.0
        },
        "Ioannis70": {
            "precision": 0.2,
            "recall": 0.2727272727272727,
            "f1-score": 0.23076923076923078,
            "support": 11.0
        },
        "Karun": {
            "precision": 0.42857142857142855,
            "recall": 0.6666666666666666,
            "f1-score": 0.5217391304347826,
            "support": 9.0
        },
        "KennyKwok": {
            "precision": 0.75,
            "recall": 0.5,
            "f1-score": 0.6,
            "support": 12.0
        },
        "StephenChen": {
            "precision": 1.0,
            "recall": 0.2222222222222222,
            "f1-score": 0.36363636363636365,
            "support": 9.0
        },
        "Vitaliy": {
            "precision": 0.8,
            "recall": 0.4,
            "f1-score": 0.5333333333333333,
            "support": 10.0
        },
        "Yao": {
            "precision": 0.7333333333333333,
            "recall": 0.6875,
            "f1-score": 0.7096774193548387,
            "support": 16.0
        },
        "alan790712": {
            "precision": 0.625,
            "recall": 0.45454545454545453,
            "f1-score": 0.5263157894736842,
            "support": 11.0
        },
        "along": {
            "precision": 1.0,
            "recall": 0.3,
            "f1-score": 0.46153846153846156,
            "support": 10.0
        },
        "darkraven": {
            "precision": 0.5,
            "recall": 0.4,
            "f1-score": 0.4444444444444444,
            "support": 10.0
        },
        "ferruhy": {
            "precision": 0.5384615384615384,
            "recall": 0.7,
            "f1-score": 0.6086956521739131,
            "support": 10.0
        },
        "goober": {
            "precision": 0.5,
            "recall": 0.3333333333333333,
            "f1-score": 0.4,
            "support": 9.0
        },
        "mtsay": {
            "precision": 0.5,
            "recall": 0.5555555555555556,
            "f1-score": 0.5263157894736842,
            "support": 9.0
        },
        "peterpan": {
            "precision": 0.3333333333333333,
            "recall": 0.1111111111111111,
            "f1-score": 0.16666666666666666,
            "support": 9.0
        },
        "ravi00ei51": {
            "precision": 1.0,
            "recall": 0.5,
            "f1-score": 0.6666666666666666,
            "support": 8.0
        },
        "sungyz": {
            "precision": 0.10526315789473684,
            "recall": 0.8888888888888888,
            "f1-score": 0.18823529411764706,
            "support": 9.0
        },
        "trainsick": {
            "precision": 1.0,
            "recall": 0.0625,
            "f1-score": 0.11764705882352941,
            "support": 16.0
        },
        "tutty": {
            "precision": 0.5555555555555556,
            "recall": 0.5,
            "f1-score": 0.5263157894736842,
            "support": 10.0
        },
        "accuracy": 0.4411764705882353,
        "macro avg": {
            "precision": 0.5791448265602401,
            "recall": 0.4311778499278499,
            "f1-score": 0.4444080870293952,
            "support": 272.0
        },
        "weighted avg": {
            "precision": 0.6126583045652318,
            "recall": 0.4411764705882353,
            "f1-score": 0.4585136092567456,
            "support": 272.0
        }
    },
    "num_tokens_50_bin_accuracies": {
        "0-49": {
            "correct": 57,
            "total": 144
        },
        "50-99": {
            "correct": 37,
            "total": 78
        },
        "100-149": {
            "correct": 14,
            "total": 24
        },
        "150-199": {
            "correct": 5,
            "total": 14
        },
        "200-249": {
            "correct": 4,
            "total": 6
        },
        "250-299": {
            "correct": 2,
            "total": 1
        },
        "300-349": {
            "correct": 0,
            "total": 2
        },
        "350-399": {
            "correct": 0,
            "total": 0
        },
        "400-449": {
            "correct": 0,
            "total": 0
        },
        "450-499": {
            "correct": 0,
            "total": 0
        }
    },
    "num_tokens_20_bin_accuracies": {
        "0-19": {
            "correct": 14,
            "total": 50
        },
        "20-39": {
            "correct": 35,
            "total": 80
        },
        "40-59": {
            "correct": 23,
            "total": 37
        },
        "60-79": {
            "correct": 12,
            "total": 33
        },
        "80-99": {
            "correct": 10,
            "total": 22
        },
        "100-119": {
            "correct": 8,
            "total": 13
        },
        "120-139": {
            "correct": 5,
            "total": 9
        },
        "140-159": {
            "correct": 2,
            "total": 4
        },
        "160-179": {
            "correct": 1,
            "total": 5
        },
        "180-199": {
            "correct": 3,
            "total": 7
        },
        "200-219": {
            "correct": 3,
            "total": 5
        },
        "220-239": {
            "correct": 0,
            "total": 0
        },
        "240-259": {
            "correct": 1,
            "total": 2
        },
        "260-279": {
            "correct": 1,
            "total": 0
        },
        "280-299": {
            "correct": 1,
            "total": 0
        },
        "300-319": {
            "correct": 0,
            "total": 2
        },
        "320-339": {
            "correct": 0,
            "total": 0
        },
        "340-359": {
            "correct": 0,
            "total": 0
        },
        "360-379": {
            "correct": 0,
            "total": 0
        },
        "380-399": {
            "correct": 0,
            "total": 0
        },