{
    "accuracy": 0.5669291338582677,
    "precision": 0.5946627446627446,
    "recall": 0.5578168044077135,
    "f1": 0.5548002260528592,
    "classification_report": {
        "<PAD>": {
            "precision": 0.0,
            "recall": 0.0,
            "f1-score": 0.0,
            "support": 0.0
        },
        "DQUADROS": {
            "precision": 0.875,
            "recall": 0.6363636363636364,
            "f1-score": 0.7368421052631579,
            "support": 11.0
        },
        "Hearson": {
            "precision": 0.0,
            "recall": 0.0,
            "f1-score": 0.0,
            "support": 10.0
        },
        "Hiroshi": {
            "precision": 0.5,
            "recall": 0.36363636363636365,
            "f1-score": 0.42105263157894735,
            "support": 11.0
        },
        "Ioannis70": {
            "precision": 0.3076923076923077,
            "recall": 0.8,
            "f1-score": 0.4444444444444444,
            "support": 10.0
        },
        "KennyKwok": {
            "precision": 0.8,
            "recall": 0.6666666666666666,
            "f1-score": 0.7272727272727273,
            "support": 12.0
        },
        "Vitaliy": {
            "precision": 0.7,
            "recall": 0.6363636363636364,
            "f1-score": 0.6666666666666666,
            "support": 11.0
        },
        "Yao": {
            "precision": 0.6428571428571429,
            "recall": 0.6,
            "f1-score": 0.6206896551724138,
            "support": 15.0
        },
        "alan790712": {
            "precision": 0.6,
            "recall": 0.5454545454545454,
            "f1-score": 0.5714285714285714,
            "support": 11.0
        },
        "along": {
            "precision": 0.8333333333333334,
            "recall": 0.5,
            "f1-score": 0.625,
            "support": 10.0
        },
        "trainsick": {
            "precision": 0.4074074074074074,
            "recall": 0.6875,
            "f1-score": 0.5116279069767442,
            "support": 16.0
        },
        "tutty": {
            "precision": 0.875,
            "recall": 0.7,
            "f1-score": 0.7777777777777778,
            "support": 10.0
        },
        "accuracy": 0.5669291338582677,
        "macro avg": {
            "precision": 0.5451075159408493,
            "recall": 0.5113320707070707,
            "f1-score": 0.5085668738817876,
            "support": 127.0
        },
        "weighted avg": {
            "precision": 0.5932805674931659,
            "recall": 0.5669291338582677,
            "f1-score": 0.5594628032521247,
            "support": 127.0
        }
    },
    "num_tokens_50_bin_accuracies": {
        "0-49": {
            "correct": 39,
            "total": 76
        },
        "50-99": {
            "correct": 14,
            "total": 24
        },
        "100-149": {
            "correct": 12,
            "total": 17
        },
        "150-199": {
            "correct": 5,
            "total": 6
        },
        "200-249": {
            "correct": 0,
            "total": 1
        },
        "250-299": {
            "correct": 2,
            "total": 0
        },
        "300-349": {
            "correct": 0,
            "total": 1
        },
        "350-399": {
            "correct": 0,
            "total": 0
        },
        "400-449": {
            "correct": 0,
            "total": 0
        },
        "450-499": {
            "correct": 0,
            "total": 0
        }
    },
    "num_tokens_20_bin_accuracies": {
        "0-19": {
            "correct": 5,
            "total": 23
        },
        "20-39": {
            "correct": 25,
            "total": 39
        },
        "40-59": {
            "correct": 13,
            "total": 22
        },
        "60-79": {
            "correct": 4,
            "total": 8
        },
        "80-99": {
            "correct": 6,
            "total": 8
        },
        "100-119": {
            "correct": 4,
            "total": 7
        },
        "120-139": {
            "correct": 6,
            "total": 8
        },
        "140-159": {
            "correct": 2,
            "total": 3
        },
        "160-179": {
            "correct": 1,
            "total": 1
        },
        "180-199": {
            "correct": 4,
            "total": 4
        },
        "200-219": {
            "correct": 0,
            "total": 0
        },
        "220-239": {
            "correct": 0,
            "total": 1
        },
        "240-259": {
            "correct": 1,
            "total": 0
        },
        "260-279": {
            "correct": 0,
            "total": 0
        },
        "280-299": {
            "correct": 1,
            "total": 0
        },
        "300-319": {
            "correct": 0,
            "total": 1
        },
        "320-339": {
            "correct": 0,
            "total": 0
        },
        "340-359": {
            "correct": 0,
            "total": 0
        },
        "360-379": {
            "correct": 0,
            "total": 0
        },
        "380-399": {
            "correct": 0,
            "total": 0
        },
        "400-419": {
            "correct": 0,
            "total": 0
        },
        "420-439": {
            "correct": 0,
            "total": 0
        },
        "440-459": {
            "correct": 0,
            "total": 0
        },
        "460-479": {
            "correct": 0,
            "total": 0
        },
        "480-499": {
            "correct": 0,
            "total": 0
        }
    },
    "ast_depth_5_bin_accuracies": {
        "0-4": {
            "correct": 1,
            "total": 6
        },
        "5-9": {
            "correct": 30,
            "total": 58
        },
        "10-14": {
            "correct": 27,
            "total": 47
        },
        "15-19": {
            "correct": 12,
            "total": 12
        },
        "20-24": {
            "correct": 1,
            "total": 2
        },
        "25-29": {
            "correct": 1,
            "total": 0
        },
        "30-34": {
            "correct": 0,
            "total": 0
        },
        "35-39": {
            "correct": 0,
            "total": 0
        },
        "40-44": {
            "correct": 0,
            "total": 0
        },
        "45-49": {
            "correct": 0,
            "total": 0
        }
    },
    "ast_depth_2_bin_accuracies": {
        "0-1": {
            "correct": 0,
            "total": 0
        },
        "2-3": {
            "correct": 0,
            "total": 1
        },
        "4-5": {
            "correct": 2,
            "total": 7
        },
        "6-7": {
            "correct": 18,
            "total": 34
        },
        "8-9": {
            "correct": 11,
            "total": 22
        },
        "10-11": {
            "correct": 9,
            "total": 19
        },
        "12-13": {
            "correct": 11,
            "total": 21
        },
        "14-15": {
            "correct": 12,
            "total": 12
        },
        "16-17": {
            "correct": 3,
            "total": 4
        },
        "18-19": {
            "correct": 4,
            "total": 3
        },
        "20-21": {
            "correct": 1,
            "total": 2
        },
        "22-23": {
            "correct": 0,
            "total": 0
        },
        "24-25": {
            "correct": 0,
            "total": 0
        },
        "26-27": {
            "correct": 1,
            "total": 0
        },
        "28-29": {
            "correct": 0,
            "total": 0
        },
        "30-31": {
            "correct": 0,
            "total": 0
        },
        "32-33": {
            "correct": 0,
            "total": 0
        },
        "34-35": {
            "correct": 0,
            "total": 0
        },
        "36-37": {
            "correct": 0,
            "total": 0
        },
        "38-39": {
            "correct": 0,