{
    "accuracy": 0.5826771653543307,
    "precision": 0.662808782126964,
    "recall": 0.5883264462809918,
    "f1": 0.5829797080824549,
    "classification_report": {
        "<PAD>": {
            "precision": 0.0,
            "recall": 0.0,
            "f1-score": 0.0,
            "support": 0.0
        },
        "DQUADROS": {
            "precision": 0.6666666666666666,
            "recall": 0.5454545454545454,
            "f1-score": 0.6,
            "support": 11.0
        },
        "Hearson": {
            "precision": 1.0,
            "recall": 0.2,
            "f1-score": 0.3333333333333333,
            "support": 10.0
        },
        "Hiroshi": {
            "precision": 0.42857142857142855,
            "recall": 0.2727272727272727,
            "f1-score": 0.3333333333333333,
            "support": 11.0
        },
        "Ioannis70": {
            "precision": 0.3333333333333333,
            "recall": 0.9,
            "f1-score": 0.4864864864864865,
            "support": 10.0
        },
        "KennyKwok": {
            "precision": 0.8181818181818182,
            "recall": 0.75,
            "f1-score": 0.782608695652174,
            "support": 12.0
        },
        "Vitaliy": {
            "precision": 0.625,
            "recall": 0.45454545454545453,
            "f1-score": 0.5263157894736842,
            "support": 11.0
        },
        "Yao": {
            "precision": 0.75,
            "recall": 0.8,
            "f1-score": 0.7741935483870968,
            "support": 15.0
        },
        "alan790712": {
            "precision": 0.5384615384615384,
            "recall": 0.6363636363636364,
            "f1-score": 0.5833333333333334,
            "support": 11.0
        },
        "along": {
            "precision": 0.8181818181818182,
            "recall": 0.9,
            "f1-score": 0.8571428571428571,
            "support": 10.0
        },
        "trainsick": {
            "precision": 0.3125,
            "recall": 0.3125,
            "f1-score": 0.3125,
            "support": 16.0
        },
        "tutty": {
            "precision": 1.0,
            "recall": 0.7,
            "f1-score": 0.8235294117647058,
            "support": 10.0
        },
        "accuracy": 0.5826771653543307,
        "macro avg": {
            "precision": 0.607574716949717,
            "recall": 0.5392992424242424,
            "f1-score": 0.5343980657422503,
            "support": 127.0
        },
        "weighted avg": {
            "precision": 0.6490474748348763,
            "recall": 0.5826771653543307,
            "f1-score": 0.5785979171531512,
            "support": 127.0
        }
    },
    "num_tokens_50_bin_accuracies": {
        "0-49": {
            "correct": 34,
            "total": 69
        },
        "50-99": {
            "correct": 21,
            "total": 34
        },
        "100-149": {
            "correct": 5,
            "total": 7
        },
        "150-199": {
            "correct": 10,
            "total": 11
        },
        "200-249": {
            "correct": 2,
            "total": 3
        },
        "250-299": {
            "correct": 1,
            "total": 0
        },
        "300-349": {
            "correct": 0,
            "total": 1
        },
        "350-399": {
            "correct": 0,
            "total": 0
        },
        "400-449": {
            "correct": 0,
            "total": 0
        },
        "450-499": {
            "correct": 0,
            "total": 0
        }
    },
    "num_tokens_20_bin_accuracies": {
        "0-19": {
            "correct": 7,
            "total": 20
        },
        "20-39": {
            "correct": 20,
            "total": 36
        },
        "40-59": {
            "correct": 12,
            "total": 20
        },
        "60-79": {
            "correct": 6,
            "total": 12
        },
        "80-99": {
            "correct": 10,
            "total": 15
        },
        "100-119": {
            "correct": 4,
            "total": 4
        },
        "120-139": {
            "correct": 0,
            "total": 2
        },
        "140-159": {
            "correct": 2,
            "total": 2
        },
        "160-179": {
            "correct": 4,
            "total": 4
        },
        "180-199": {
            "correct": 5,
            "total": 6
        },
        "200-219": {
            "correct": 0,
            "total": 1
        },
        "220-239": {
            "correct": 0,
            "total": 0
        },
        "240-259": {
            "correct": 2,
            "total": 2
        },
        "260-279": {
            "correct": 0,
            "total": 0
        },
        "280-299": {
            "correct": 1,
            "total": 0
        },
        "300-319": {
            "correct": 0,
            "total": 1
        },
        "320-339": {
            "correct": 0,
            "total": 0
        },
        "340-359": {
            "correct": 0,
            "total": 0
        },
        "360-379": {
            "correct": 0,
            "total": 0
        },
        "380-399": {
            "correct": 0,
            "total": 0
        },
        "400-419": {
            "correct": 0,
            "total": 0
        },
        "420-439": {
            "correct": 0,
            "total": 0
        },
        "440-459": {
            "correct": 0,
            "total": 0
        },
        "460-479": {
            "correct": 0,
            "total": 0
        },
        "480-499": {
            "correct": 0,
            "total": 0
        }
    },
    "ast_depth_5_bin_accuracies": {
        "0-4": {
            "correct": 1,
            "total": 4
        },
        "5-9": {
            "correct": 31,
            "total": 57
        },
        "10-14": {
            "correct": 27,
            "total": 47
        },
        "15-19": {
            "correct": 11,
            "total": 13
        },
        "20-24": {
            "correct": 3,
            "total": 4
        },
        "25-29": {
            "correct": 0,
            "total": 0
        },
        "30-34": {
            "correct": 0,
            "total": 0
        },
        "35-39": {
            "correct": 0,
            "total": 0
        },
        "40-44": {
            "correct": 0,
            "total": 0
        },
        "45-49": {
            "correct": 0,
            "total": 0
        }
    },
    "ast_depth_2_bin_accuracies": {
        "0-1": {
            "correct": 0,
            "total": 0
        },
        "2-3": {
            "correct": 0,
            "total": 0
        },
        "4-5": {
            "correct": 3,
            "total": 8
        },
        "6-7": {
            "correct": 18,
            "total": 34
        },
        "8-9": {
            "correct": 11,
            "total": 19
        },
        "10-11": {
            "correct": 14,
            "total": 24
        },
        "12-13": {
            "correct": 11,
            "total": 21
        },
        "14-15": {
            "correct": 6,
            "total": 7
        },
        "16-17": {
            "correct": 3,
            "total": 5
        },
        "18-19": {
            "correct": 4,
            "total": 3
        },
        "20-21": {
            "correct": 1,
            "total": 2
        },
        "22-23": {
            "correct": 2,
            "total": 2
        },
        "24-25": {
            "correct": 0,
            "total": 0
        },
        "26-27": {
            "correct": 0,
            "total": 0
        },
        "28-29": {
            "correct": 0,
            "total": 0
        },
        "30-31": {
            "correct": 0,
            "total": 0
        },
        "32-33": {
            "correct": 0,
            "total": 0
        },
        "34-35": {
            "correct": 0,
            "total": 0
        },
        "36-37": {
            "correct": 0,
            "total": 0
        },
        "38-39": {
            "correct": 0,