{
    "accuracy": 0.6377952755905512,
    "precision": 0.7126623376623377,
    "recall": 0.6283746556473828,
    "f1": 0.630271162159707,
    "classification_report": {
        "<PAD>": {
            "precision": 0.0,
            "recall": 0.0,
            "f1-score": 0.0,
            "support": 0.0
        },
        "DQUADROS": {
            "precision": 0.875,
            "recall": 0.6363636363636364,
            "f1-score": 0.7368421052631579,
            "support": 11.0
        },
        "Hearson": {
            "precision": 0.75,
            "recall": 0.3,
            "f1-score": 0.42857142857142855,
            "support": 10.0
        },
        "Hiroshi": {
            "precision": 0.5263157894736842,
            "recall": 0.9090909090909091,
            "f1-score": 0.6666666666666666,
            "support": 11.0
        },
        "Ioannis70": {
            "precision": 1.0,
            "recall": 0.5454545454545454,
            "f1-score": 0.7058823529411765,
            "support": 11.0
        },
        "KennyKwok": {
            "precision": 0.4166666666666667,
            "recall": 0.8333333333333334,
            "f1-score": 0.5555555555555556,
            "support": 12.0
        },
        "Vitaliy": {
            "precision": 0.6666666666666666,
            "recall": 0.5454545454545454,
            "f1-score": 0.6,
            "support": 11.0
        },
        "Yao": {
            "precision": 0.9166666666666666,
            "recall": 0.7333333333333333,
            "f1-score": 0.8148148148148148,
            "support": 15.0
        },
        "alan790712": {
            "precision": 0.7142857142857143,
            "recall": 0.9090909090909091,
            "f1-score": 0.8,
            "support": 11.0
        },
        "along": {
            "precision": 0.75,
            "recall": 0.6,
            "f1-score": 0.6666666666666666,
            "support": 10.0
        },
        "trainsick": {
            "precision": 0.47368421052631576,
            "recall": 0.6,
            "f1-score": 0.5294117647058824,
            "support": 15.0
        },
        "tutty": {
            "precision": 0.75,
            "recall": 0.3,
            "f1-score": 0.42857142857142855,
            "support": 10.0
        },
        "accuracy": 0.6377952755905512,
        "macro avg": {
            "precision": 0.6532738095238095,
            "recall": 0.576010101010101,
            "f1-score": 0.5777485653130648,
            "support": 127.0
        },
        "weighted avg": {
            "precision": 0.7083481341148146,
            "recall": 0.6377952755905512,
            "f1-score": 0.6352083698516015,
            "support": 127.0
        }
    },
    "num_tokens_50_bin_accuracies": {
        "0-49": {
            "correct": 43,
            "total": 76
        },
        "50-99": {
            "correct": 22,
            "total": 29
        },
        "100-149": {
            "correct": 9,
            "total": 10
        },
        "150-199": {
            "correct": 4,
            "total": 6
        },
        "200-249": {
            "correct": 2,
            "total": 3
        },
        "250-299": {
            "correct": 0,
            "total": 1
        },
        "300-349": {
            "correct": 0,
            "total": 1
        },
        "350-399": {
            "correct": 0,
            "total": 0
        },
        "400-449": {
            "correct": 0,
            "total": 0
        },
        "450-499": {
            "correct": 0,
            "total": 0
        }
    },
    "num_tokens_20_bin_accuracies": {
        "0-19": {
            "correct": 12,
            "total": 26
        },
        "20-39": {
            "correct": 24,
            "total": 37
        },
        "40-59": {
            "correct": 16,
            "total": 26
        },
        "60-79": {
            "correct": 9,
            "total": 9
        },
        "80-99": {
            "correct": 4,
            "total": 7
        },
        "100-119": {
            "correct": 4,
            "total": 5
        },
        "120-139": {
            "correct": 3,
            "total": 3
        },
        "140-159": {
            "correct": 3,
            "total": 3
        },
        "160-179": {
            "correct": 2,
            "total": 3
        },
        "180-199": {
            "correct": 1,
            "total": 2
        },
        "200-219": {
            "correct": 1,
            "total": 2
        },
        "220-239": {
            "correct": 1,
            "total": 1
        },
        "240-259": {
            "correct": 0,
            "total": 1
        },
        "260-279": {
            "correct": 0,
            "total": 0
        },
        "280-299": {
            "correct": 0,
            "total": 0
        },
        "300-319": {
            "correct": 0,
            "total": 0
        },
        "320-339": {
            "correct": 0,
            "total": 1
        },
        "340-359": {
            "correct": 0,
            "total": 0
        },
        "360-379": {
            "correct": 0,
            "total": 0
        },
        "380-399": {
            "correct": 0,
            "total": 0
        },
        "400-419": {
            "correct": 0,
            "total": 0
        },
        "420-439": {
            "correct": 0,
            "total": 0
        },
        "440-459": {
            "correct": 0,
            "total": 0
        },
        "460-479": {
            "correct": 0,
            "total": 0
        },
        "480-499": {
            "correct": 0,
            "total": 0
        }
    },
    "ast_depth_5_bin_accuracies": {
        "0-4": {
            "correct": 3,
            "total": 3
        },
        "5-9": {
            "correct": 33,
            "total": 62
        },
        "10-14": {
            "correct": 34,
            "total": 45
        },
        "15-19": {
            "correct": 9,
            "total": 14
        },
        "20-24": {
            "correct": 1,
            "total": 2
        },
        "25-29": {
            "correct": 0,
            "total": 0
        },
        "30-34": {
            "correct": 0,
            "total": 0
        },
        "35-39": {
            "correct": 0,
            "total": 0
        },
        "40-44": {
            "correct": 0,
            "total": 0
        },
        "45-49": {
            "correct": 0,
            "total": 0
        }
    },
    "ast_depth_2_bin_accuracies": {
        "0-1": {
            "correct": 0,
            "total": 0
        },
        "2-3": {
            "correct": 0,
            "total": 0
        },
        "4-5": {
            "correct": 5,
            "total": 7
        },
        "6-7": {
            "correct": 21,
            "total": 41
        },
        "8-9": {
            "correct": 10,
            "total": 17
        },
        "10-11": {
            "correct": 18,
            "total": 23
        },
        "12-13": {
            "correct": 13,
            "total": 18
        },
        "14-15": {
            "correct": 8,
            "total": 9
        },
        "16-17": {
            "correct": 4,
            "total": 6
        },
        "18-19": {
            "correct": 0,
            "total": 3
        },
        "20-21": {
            "correct": 1,
            "total": 1
        },
        "22-23": {
            "correct": 0,
            "total": 0
        },
        "24-25": {
            "correct": 0,
            "total": 1
        },
        "26-27": {
            "correct": 0,
            "total": 0
        },
        "28-29": {
            "correct": 0,
            "total": 0
        },
        "30-31": {
            "correct": 0,
            "total": 0
        },
        "32-33": {
            "correct": 0,
            "total": 0
        },
        "34-35": {
            "correct": 0,
            "total": 0
        },
        "36-37": {
            "correct": 0,
            "total": 0
        },