{
    "accuracy": 0.640625,
    "precision": 0.6930857708534659,
    "recall": 0.634607438016529,
    "f1": 0.6296528535780893,
    "classification_report": {
        "<PAD>": {
            "precision": 0.0,
            "recall": 0.0,
            "f1-score": 0.0,
            "support": 0.0
        },
        "DQUADROS": {
            "precision": 0.7,
            "recall": 0.6363636363636364,
            "f1-score": 0.6666666666666666,
            "support": 11.0
        },
        "Hearson": {
            "precision": 0.75,
            "recall": 0.3,
            "f1-score": 0.42857142857142855,
            "support": 10.0
        },
        "Hiroshi": {
            "precision": 0.42857142857142855,
            "recall": 0.2727272727272727,
            "f1-score": 0.3333333333333333,
            "support": 11.0
        },
        "Ioannis70": {
            "precision": 0.8333333333333334,
            "recall": 0.9090909090909091,
            "f1-score": 0.8695652173913043,
            "support": 11.0
        },
        "KennyKwok": {
            "precision": 0.41379310344827586,
            "recall": 1.0,
            "f1-score": 0.5853658536585366,
            "support": 12.0
        },
        "Vitaliy": {
            "precision": 0.6666666666666666,
            "recall": 0.8,
            "f1-score": 0.7272727272727273,
            "support": 10.0
        },
        "Yao": {
            "precision": 0.631578947368421,
            "recall": 0.8,
            "f1-score": 0.7058823529411765,
            "support": 15.0
        },
        "alan790712": {
            "precision": 0.75,
            "recall": 0.5,
            "f1-score": 0.6,
            "support": 12.0
        },
        "along": {
            "precision": 0.7,
            "recall": 0.7,
            "f1-score": 0.7,
            "support": 10.0
        },
        "trainsick": {
            "precision": 0.75,
            "recall": 0.5625,
            "f1-score": 0.6428571428571429,
            "support": 16.0
        },
        "tutty": {
            "precision": 1.0,
            "recall": 0.5,
            "f1-score": 0.6666666666666666,
            "support": 10.0
        },
        "accuracy": 0.640625,
        "macro avg": {
            "precision": 0.6353286232823437,
            "recall": 0.5817234848484849,
            "f1-score": 0.5771817824465819,
            "support": 128.0
        },
        "weighted avg": {
            "precision": 0.6889595351525365,
            "recall": 0.640625,
            "f1-score": 0.6319426987511481,
            "support": 128.0
        }
    },
    "num_tokens_50_bin_accuracies": {
        "0-49": {
            "correct": 47,
            "total": 79
        },
        "50-99": {
            "correct": 21,
            "total": 32
        },
        "100-149": {
            "correct": 6,
            "total": 7
        },
        "150-199": {
            "correct": 7,
            "total": 8
        },
        "200-249": {
            "correct": 1,
            "total": 2
        },
        "250-299": {
            "correct": 0,
            "total": 0
        },
        "300-349": {
            "correct": 0,
            "total": 0
        },
        "350-399": {
            "correct": 0,
            "total": 0
        },
        "400-449": {
            "correct": 0,
            "total": 0
        },
        "450-499": {
            "correct": 0,
            "total": 0
        }
    },
    "num_tokens_20_bin_accuracies": {
        "0-19": {
            "correct": 12,
            "total": 24
        },
        "20-39": {
            "correct": 27,
            "total": 42
        },
        "40-59": {
            "correct": 13,
            "total": 20
        },
        "60-79": {
            "correct": 9,
            "total": 12
        },
        "80-99": {
            "correct": 7,
            "total": 13
        },
        "100-119": {
            "correct": 5,
            "total": 5
        },
        "120-139": {
            "correct": 0,
            "total": 1
        },
        "140-159": {
            "correct": 3,
            "total": 4
        },
        "160-179": {
            "correct": 3,
            "total": 3
        },
        "180-199": {
            "correct": 2,
            "total": 2
        },
        "200-219": {
            "correct": 0,
            "total": 1
        },
        "220-239": {
            "correct": 0,
            "total": 0
        },
        "240-259": {
            "correct": 1,
            "total": 1
        },
        "260-279": {
            "correct": 0,
            "total": 0
        },
        "280-299": {
            "correct": 0,
            "total": 0
        },
        "300-319": {
            "correct": 0,
            "total": 0
        },
        "320-339": {
            "correct": 0,
            "total": 0
        },
        "340-359": {
            "correct": 0,
            "total": 0
        },
        "360-379": {
            "correct": 0,
            "total": 0
        },
        "380-399": {
            "correct": 0,
            "total": 0
        },
        "400-419": {
            "correct": 0,
            "total": 0
        },
        "420-439": {
            "correct": 0,
            "total": 0
        },
        "440-459": {
            "correct": 0,
            "total": 0
        },
        "460-479": {
            "correct": 0,
            "total": 0
        },
        "480-499": {
            "correct": 0,
            "total": 0
        }
    },
    "ast_depth_5_bin_accuracies": {
        "0-4": {
            "correct": 2,
            "total": 4
        },
        "5-9": {
            "correct": 41,
            "total": 67
        },
        "10-14": {
            "correct": 25,
            "total": 42
        },
        "15-19": {
            "correct": 11,
            "total": 12
        },
        "20-24": {
            "correct": 3,
            "total": 3
        },
        "25-29": {
            "correct": 0,
            "total": 0
        },
        "30-34": {
            "correct": 0,
            "total": 0
        },
        "35-39": {
            "correct": 0,
            "total": 0
        },
        "40-44": {
            "correct": 0,
            "total": 0
        },
        "45-49": {
            "correct": 0,
            "total": 0
        }
    },
    "ast_depth_2_bin_accuracies": {
        "0-1": {
            "correct": 0,
            "total": 0
        },
        "2-3": {
            "correct": 0,
            "total": 0
        },
        "4-5": {
            "correct": 5,
            "total": 11
        },
        "6-7": {
            "correct": 26,
            "total": 37
        },
        "8-9": {
            "correct": 12,
            "total": 23
        },
        "10-11": {
            "correct": 10,
            "total": 17
        },
        "12-13": {
            "correct": 11,
            "total": 19
        },
        "14-15": {
            "correct": 8,
            "total": 10
        },
        "16-17": {
            "correct": 6,
            "total": 7
        },
        "18-19": {
            "correct": 1,
            "total": 1
        },
        "20-21": {
            "correct": 2,
            "total": 2
        },
        "22-23": {
            "correct": 1,
            "total": 1
        },
        "24-25": {
            "correct": 0,
            "total": 0
        },
        "26-27": {
            "correct": 0,
            "total": 0
        },
        "28-29": {
            "correct": 0,
            "total": 0
        },
        "30-31": {
            "correct": 0,
            "total": 0
        },
        "32-33": {
            "correct": 0,
            "total": 0
        },
        "34-35": {
            "correct": 0,
            "total": 0
        },
        "36-37": {
            "correct": 0,
            "total": 0
        },
        "38-39": {
            "correct": 0,
            "total": 0
        },