{
    "accuracy": 0.5859375,
    "precision": 0.7078282828282828,
    "recall": 0.5915977961432506,
    "f1": 0.5969433065282129,
    "classification_report": {
        "<PAD>": {
            "precision": 0.0,
            "recall": 0.0,
            "f1-score": 0.0,
            "support": 0.0
        },
        "DQUADROS": {
            "precision": 1.0,
            "recall": 0.8333333333333334,
            "f1-score": 0.9090909090909091,
            "support": 12.0
        },
        "Hearson": {
            "precision": 0.8,
            "recall": 0.36363636363636365,
            "f1-score": 0.5,
            "support": 11.0
        },
        "Hiroshi": {
            "precision": 0.7142857142857143,
            "recall": 0.45454545454545453,
            "f1-score": 0.5555555555555556,
            "support": 11.0
        },
        "Ioannis70": {
            "precision": 1.0,
            "recall": 0.45454545454545453,
            "f1-score": 0.625,
            "support": 11.0
        },
        "KennyKwok": {
            "precision": 0.25,
            "recall": 0.9090909090909091,
            "f1-score": 0.39215686274509803,
            "support": 11.0
        },
        "Vitaliy": {
            "precision": 0.5,
            "recall": 0.3,
            "f1-score": 0.375,
            "support": 10.0
        },
        "Yao": {
            "precision": 0.7857142857142857,
            "recall": 0.7333333333333333,
            "f1-score": 0.7586206896551724,
            "support": 15.0
        },
        "alan790712": {
            "precision": 0.5555555555555556,
            "recall": 0.9090909090909091,
            "f1-score": 0.6896551724137931,
            "support": 11.0
        },
        "along": {
            "precision": 0.625,
            "recall": 0.5,
            "f1-score": 0.5555555555555556,
            "support": 10.0
        },
        "trainsick": {
            "precision": 0.6666666666666666,
            "recall": 0.25,
            "f1-score": 0.36363636363636365,
            "support": 16.0
        },
        "tutty": {
            "precision": 0.8888888888888888,
            "recall": 0.8,
            "f1-score": 0.8421052631578947,
            "support": 10.0
        },
        "accuracy": 0.5859375,
        "macro avg": {
            "precision": 0.6488425925925926,
            "recall": 0.5422979797979798,
            "f1-score": 0.5471980309841952,
            "support": 128.0
        },
        "weighted avg": {
            "precision": 0.7117931547619047,
            "recall": 0.5859375,
            "f1-score": 0.5954627715397948,
            "support": 128.0
        }
    },
    "num_tokens_50_bin_accuracies": {
        "0-49": {
            "correct": 41,
            "total": 76
        },
        "50-99": {
            "correct": 16,
            "total": 27
        },
        "100-149": {
            "correct": 5,
            "total": 9
        },
        "150-199": {
            "correct": 5,
            "total": 7
        },
        "200-249": {
            "correct": 3,
            "total": 3
        },
        "250-299": {
            "correct": 5,
            "total": 0
        },
        "300-349": {
            "correct": 0,
            "total": 1
        },
        "350-399": {
            "correct": 0,
            "total": 0
        },
        "400-449": {
            "correct": 0,
            "total": 0
        },
        "450-499": {
            "correct": 0,
            "total": 0
        }
    },
    "num_tokens_20_bin_accuracies": {
        "0-19": {
            "correct": 11,
            "total": 25
        },
        "20-39": {
            "correct": 21,
            "total": 38
        },
        "40-59": {
            "correct": 16,
            "total": 24
        },
        "60-79": {
            "correct": 7,
            "total": 11
        },
        "80-99": {
            "correct": 2,
            "total": 5
        },
        "100-119": {
            "correct": 1,
            "total": 4
        },
        "120-139": {
            "correct": 2,
            "total": 3
        },
        "140-159": {
            "correct": 6,
            "total": 7
        },
        "160-179": {
            "correct": 1,
            "total": 2
        },
        "180-199": {
            "correct": 0,
            "total": 0
        },
        "200-219": {
            "correct": 1,
            "total": 1
        },
        "220-239": {
            "correct": 2,
            "total": 2
        },
        "240-259": {
            "correct": 1,
            "total": 0
        },
        "260-279": {
            "correct": 0,
            "total": 0
        },
        "280-299": {
            "correct": 4,
            "total": 0
        },
        "300-319": {
            "correct": 0,
            "total": 0
        },
        "320-339": {
            "correct": 0,
            "total": 1
        },
        "340-359": {
            "correct": 0,
            "total": 0
        },
        "360-379": {
            "correct": 0,
            "total": 0
        },
        "380-399": {
            "correct": 0,
            "total": 0
        },
        "400-419": {
            "correct": 0,
            "total": 0
        },
        "420-439": {
            "correct": 0,
            "total": 0
        },
        "440-459": {
            "correct": 0,
            "total": 0
        },
        "460-479": {
            "correct": 0,
            "total": 0
        },
        "480-499": {
            "correct": 0,
            "total": 0
        }
    },
    "ast_depth_5_bin_accuracies": {
        "0-4": {
            "correct": 2,
            "total": 4
        },
        "5-9": {
            "correct": 35,
            "total": 65
        },
        "10-14": {
            "correct": 24,
            "total": 41
        },
        "15-19": {
            "correct": 9,
            "total": 10
        },
        "20-24": {
            "correct": 5,
            "total": 3
        },
        "25-29": {
            "correct": 0,
            "total": 0
        },
        "30-34": {
            "correct": 0,
            "total": 0
        },
        "35-39": {
            "correct": 0,
            "total": 0
        },
        "40-44": {
            "correct": 0,
            "total": 0
        },
        "45-49": {
            "correct": 0,
            "total": 0
        }
    },
    "ast_depth_2_bin_accuracies": {
        "0-1": {
            "correct": 0,
            "total": 0
        },
        "2-3": {
            "correct": 0,
            "total": 0
        },
        "4-5": {
            "correct": 4,
            "total": 8
        },
        "6-7": {
            "correct": 20,
            "total": 37
        },
        "8-9": {
            "correct": 13,
            "total": 24
        },
        "10-11": {
            "correct": 10,
            "total": 18
        },
        "12-13": {
            "correct": 11,
            "total": 19
        },
        "14-15": {
            "correct": 6,
            "total": 8
        },
        "16-17": {
            "correct": 4,
            "total": 4
        },
        "18-19": {
            "correct": 2,
            "total": 2
        },
        "20-21": {
            "correct": 5,
            "total": 2
        },
        "22-23": {
            "correct": 0,
            "total": 0
        },
        "24-25": {
            "correct": 0,
            "total": 1
        },
        "26-27": {
            "correct": 0,
            "total": 0
        },
        "28-29": {
            "correct": 0,
            "total": 0
        },
        "30-31": {
            "correct": 0,
            "total": 0
        },
        "32-33": {
            "correct": 0,
            "total": 0
        },
        "34-35": {
            "correct": 0,
            "total": 0
        },
        "36-37": {
            "correct": 0,
            "total": 0
        },
        "38-39": {
            "correct": 0,