{
    "accuracy": 0.43911439114391143,
    "precision": 0.5879007309562865,
    "recall": 0.4341283202394313,
    "f1": 0.43961376495398163,
    "classification_report": {
        "<PAD>": {
            "precision": 0.0,
            "recall": 0.0,
            "f1-score": 0.0,
            "support": 0.0
        },
        ".bf": {
            "precision": 1.0,
            "recall": 0.8888888888888888,
            "f1-score": 0.9411764705882353,
            "support": 9.0
        },
        "0xFACE": {
            "precision": 0.6666666666666666,
            "recall": 0.25,
            "f1-score": 0.36363636363636365,
            "support": 8.0
        },
        "Akerfeldt": {
            "precision": 0.3333333333333333,
            "recall": 0.1,
            "f1-score": 0.15384615384615385,
            "support": 10.0
        },
        "BeerCode": {
            "precision": 0.23076923076923078,
            "recall": 0.375,
            "f1-score": 0.2857142857142857,
            "support": 8.0
        },
        "DQUADROS": {
            "precision": 0.8181818181818182,
            "recall": 0.8181818181818182,
            "f1-score": 0.8181818181818182,
            "support": 11.0
        },
        "Eduardopa": {
            "precision": 0.4,
            "recall": 0.6666666666666666,
            "f1-score": 0.5,
            "support": 9.0
        },
        "FurtherLee": {
            "precision": 0.5384615384615384,
            "recall": 0.7777777777777778,
            "f1-score": 0.6363636363636364,
            "support": 9.0
        },
        "Hearson": {
            "precision": 0.75,
            "recall": 0.3,
            "f1-score": 0.42857142857142855,
            "support": 10.0
        },
        "Herty": {
            "precision": 1.0,
            "recall": 0.4444444444444444,
            "f1-score": 0.6153846153846154,
            "support": 9.0
        },
        "Hiroshi": {
            "precision": 0.6666666666666666,
            "recall": 0.18181818181818182,
            "f1-score": 0.2857142857142857,
            "support": 11.0
        },
        "Ioannis70": {
            "precision": 0.35714285714285715,
            "recall": 0.45454545454545453,
            "f1-score": 0.4,
            "support": 11.0
        },
        "Karun": {
            "precision": 0.5,
            "recall": 0.1111111111111111,
            "f1-score": 0.18181818181818182,
            "support": 9.0
        },
        "KennyKwok": {
            "precision": 0.6,
            "recall": 0.75,
            "f1-score": 0.6666666666666666,
            "support": 12.0
        },
        "StephenChen": {
            "precision": 1.0,
            "recall": 0.1111111111111111,
            "f1-score": 0.2,
            "support": 9.0
        },
        "Vitaliy": {
            "precision": 0.2,
            "recall": 0.09090909090909091,
            "f1-score": 0.125,
            "support": 11.0
        },
        "Yao": {
            "precision": 0.9090909090909091,
            "recall": 0.6666666666666666,
            "f1-score": 0.7692307692307693,
            "support": 15.0
        },
        "alan790712": {
            "precision": 0.46153846153846156,
            "recall": 0.5454545454545454,
            "f1-score": 0.5,
            "support": 11.0
        },
        "along": {
            "precision": 0.4375,
            "recall": 0.7,
            "f1-score": 0.5384615384615384,
            "support": 10.0
        },
        "darkraven": {
            "precision": 1.0,
            "recall": 0.3333333333333333,
            "f1-score": 0.5,
            "support": 9.0
        },
        "ferruhy": {
            "precision": 0.5714285714285714,
            "recall": 0.4,
            "f1-score": 0.47058823529411764,
            "support": 10.0
        },
        "goober": {
            "precision": 0.16666666666666666,
            "recall": 0.1,
            "f1-score": 0.125,
            "support": 10.0
        },
        "mtsay": {
            "precision": 0.6666666666666666,
            "recall": 0.2222222222222222,
            "f1-score": 0.3333333333333333,
            "support": 9.0
        },
        "peterpan": {
            "precision": 0.5,
            "recall": 0.4444444444444444,
            "f1-score": 0.47058823529411764,
            "support": 9.0
        },
        "ravi00ei51": {
            "precision": 0.5714285714285714,
            "recall": 0.5,
            "f1-score": 0.5333333333333333,
            "support": 8.0
        },
        "sungyz": {
            "precision": 0.1111111111111111,
            "recall": 0.8888888888888888,
            "f1-score": 0.19753086419753085,
            "support": 9.0
        },
        "trainsick": {
            "precision": 0.75,
            "recall": 0.4,
            "f1-score": 0.5217391304347826,
            "support": 15.0
        },
        "tutty": {
            "precision": 0.6666666666666666,
            "recall": 0.2,
            "f1-score": 0.3076923076923077,
            "support": 10.0
        },
        "accuracy": 0.43911439114391143,
        "macro avg": {
            "precision": 0.5669042762792762,
            "recall": 0.41862373737373737,
            "f1-score": 0.4239132733484823,
            "support": 271.0
        },
        "weighted avg": {
            "precision": 0.5943845514878725,
            "recall": 0.43911439114391143,
            "f1-score": 0.44897133642355935,
            "support": 271.0
        }
    },
    "num_tokens_50_bin_accuracies": {
        "0-49": {
            "correct": 56,
            "total": 155
        },
        "50-99": {
            "correct": 34,
            "total": 66
        },
        "100-149": {
            "correct": 18,
            "total": 27
        },
        "150-199": {
            "correct": 9,
            "total": 18
        },
        "200-249": {
            "correct": 1,
            "total": 1
        },
        "250-299": {
            "correct": 1,
            "total": 2
        },
        "300-349": {
            "correct": 0,
            "total": 1
        },
        "350-399": {
            "correct": 0,
            "total": 0
        },
        "400-449": {
            "correct": 0,
            "total": 0
        },
        "450-499": {
            "correct": 0,
            "total": 0
        }
    },
    "num_tokens_20_bin_accuracies": {
        "0-19": {
            "correct": 15,
            "total": 50
        },
        "20-39": {
            "correct": 35,
            "total": 89
        },
        "40-59": {
            "correct": 18,
            "total": 35
        },
        "60-79": {
            "correct": 15,
            "total": 32
        },
        "80-99": {
            "correct": 7,
            "total": 15
        },
        "100-119": {
            "correct": 8,
            "total": 13
        },
        "120-139": {
            "correct": 6,
            "total": 7
        },
        "140-159": {
            "correct": 7,
            "total": 10
        },
        "160-179": {
            "correct": 5,
            "total": 11
        },
        "180-199": {
            "correct": 1,
            "total": 4
        },
        "200-219": {
            "correct": 0,
            "total": 0
        },
        "220-239": {
            "correct": 0,
            "total": 0
        },
        "240-259": {
            "correct": 1,
            "total": 2
        },
        "260-279": {
            "correct": 1,
            "total": 1
        },
        "280-299": {
            "correct": 0,
            "total": 0
        },
        "300-319": {
            "correct": 0,
            "total": 1
        },
        "320-339": {
            "correct": 0,
            "total": 0
        },
        "340-359": {
            "correct": 0,
            "total": 0
        },
        "360-379": {
            "correct": 0,
            "total": 0
        },
        "380-399": {
            "correct": 0,
            "total": 0
        },