{
    "accuracy": 0.5055350553505535,
    "precision": 0.6553290346605637,
    "recall": 0.5192760942760943,
    "f1": 0.5363286238258942,
    "classification_report": {
        "<PAD>": {
            "precision": 0.0,
            "recall": 0.0,
            "f1-score": 0.0,
            "support": 0.0
        },
        ".bf": {
            "precision": 0.6,
            "recall": 0.75,
            "f1-score": 0.6666666666666666,
            "support": 8.0
        },
        "0xFACE": {
            "precision": 1.0,
            "recall": 0.3333333333333333,
            "f1-score": 0.5,
            "support": 9.0
        },
        "Akerfeldt": {
            "precision": 0.6,
            "recall": 0.3333333333333333,
            "f1-score": 0.42857142857142855,
            "support": 9.0
        },
        "BeerCode": {
            "precision": 0.4375,
            "recall": 0.7777777777777778,
            "f1-score": 0.56,
            "support": 9.0
        },
        "DQUADROS": {
            "precision": 0.8571428571428571,
            "recall": 0.5454545454545454,
            "f1-score": 0.6666666666666666,
            "support": 11.0
        },
        "Eduardopa": {
            "precision": 0.8,
            "recall": 0.8,
            "f1-score": 0.8,
            "support": 10.0
        },
        "FurtherLee": {
            "precision": 0.875,
            "recall": 0.7,
            "f1-score": 0.7777777777777778,
            "support": 10.0
        },
        "Hearson": {
            "precision": 0.4,
            "recall": 0.36363636363636365,
            "f1-score": 0.38095238095238093,
            "support": 11.0
        },
        "Herty": {
            "precision": 1.0,
            "recall": 0.7777777777777778,
            "f1-score": 0.875,
            "support": 9.0
        },
        "Hiroshi": {
            "precision": 0.5,
            "recall": 0.5454545454545454,
            "f1-score": 0.5217391304347826,
            "support": 11.0
        },
        "Ioannis70": {
            "precision": 0.6666666666666666,
            "recall": 0.6,
            "f1-score": 0.631578947368421,
            "support": 10.0
        },
        "Karun": {
            "precision": 0.5555555555555556,
            "recall": 0.625,
            "f1-score": 0.5882352941176471,
            "support": 8.0
        },
        "KennyKwok": {
            "precision": 0.6,
            "recall": 0.5454545454545454,
            "f1-score": 0.5714285714285714,
            "support": 11.0
        },
        "StephenChen": {
            "precision": 1.0,
            "recall": 0.3333333333333333,
            "f1-score": 0.5,
            "support": 9.0
        },
        "Vitaliy": {
            "precision": 1.0,
            "recall": 0.09090909090909091,
            "f1-score": 0.16666666666666666,
            "support": 11.0
        },
        "Yao": {
            "precision": 0.7692307692307693,
            "recall": 0.6666666666666666,
            "f1-score": 0.7142857142857143,
            "support": 15.0
        },
        "alan790712": {
            "precision": 0.2631578947368421,
            "recall": 0.45454545454545453,
            "f1-score": 0.3333333333333333,
            "support": 11.0
        },
        "along": {
            "precision": 0.2857142857142857,
            "recall": 0.4,
            "f1-score": 0.3333333333333333,
            "support": 10.0
        },
        "darkraven": {
            "precision": 0.6666666666666666,
            "recall": 0.4,
            "f1-score": 0.5,
            "support": 10.0
        },
        "ferruhy": {
            "precision": 0.375,
            "recall": 0.6666666666666666,
            "f1-score": 0.48,
            "support": 9.0
        },
        "goober": {
            "precision": 0.3333333333333333,
            "recall": 0.2,
            "f1-score": 0.25,
            "support": 10.0
        },
        "mtsay": {
            "precision": 1.0,
            "recall": 0.625,
            "f1-score": 0.7692307692307693,
            "support": 8.0
        },
        "peterpan": {
            "precision": 0.6666666666666666,
            "recall": 0.75,
            "f1-score": 0.7058823529411765,
            "support": 8.0
        },
        "ravi00ei51": {
            "precision": 0.8571428571428571,
            "recall": 0.6666666666666666,
            "f1-score": 0.75,
            "support": 9.0
        },
        "sungyz": {
            "precision": 0.0851063829787234,
            "recall": 0.4444444444444444,
            "f1-score": 0.14285714285714285,
            "support": 9.0
        },
        "trainsick": {
            "precision": 0.5,
            "recall": 0.125,
            "f1-score": 0.2,
            "support": 16.0
        },
        "tutty": {
            "precision": 1.0,
            "recall": 0.5,
            "f1-score": 0.6666666666666666,
            "support": 10.0
        },
        "accuracy": 0.5055350553505535,
        "macro avg": {
            "precision": 0.6319244262798295,
            "recall": 0.5007305194805195,
            "f1-score": 0.5171740301178266,
            "support": 271.0
        },
        "weighted avg": {
            "precision": 0.6509450194532094,
            "recall": 0.5055350553505535,
            "f1-score": 0.5259206089172005,
            "support": 271.0
        }
    },
    "num_tokens_50_bin_accuracies": {
        "0-49": {
            "correct": 78,
            "total": 159
        },
        "50-99": {
            "correct": 38,
            "total": 67
        },
        "100-149": {
            "correct": 12,
            "total": 26
        },
        "150-199": {
            "correct": 5,
            "total": 11
        },
        "200-249": {
            "correct": 1,
            "total": 3
        },
        "250-299": {
            "correct": 2,
            "total": 2
        },
        "300-349": {
            "correct": 0,
            "total": 0
        },
        "350-399": {
            "correct": 0,
            "total": 0
        },
        "400-449": {
            "correct": 0,
            "total": 0
        },
        "450-499": {
            "correct": 0,
            "total": 0
        }
    },
    "num_tokens_20_bin_accuracies": {
        "0-19": {
            "correct": 19,
            "total": 50
        },
        "20-39": {
            "correct": 44,
            "total": 81
        },
        "40-59": {
            "correct": 29,
            "total": 50
        },
        "60-79": {
            "correct": 13,
            "total": 30
        },
        "80-99": {
            "correct": 11,
            "total": 15
        },
        "100-119": {
            "correct": 7,
            "total": 13
        },
        "120-139": {
            "correct": 3,
            "total": 9
        },
        "140-159": {
            "correct": 2,
            "total": 5
        },
        "160-179": {
            "correct": 2,
            "total": 5
        },
        "180-199": {
            "correct": 3,
            "total": 5
        },
        "200-219": {
            "correct": 0,
            "total": 0
        },
        "220-239": {
            "correct": 1,
            "total": 3
        },
        "240-259": {
            "correct": 1,
            "total": 0
        },
        "260-279": {
            "correct": 0,
            "total": 1
        },
        "280-299": {
            "correct": 1,
            "total": 1
        },
        "300-319": {
            "correct": 0,
            "total": 0
        },
        "320-339": {
            "correct": 0,
            "total": 0
        },
        "340-359": {
            "correct": 0,
            "total": 0
        },
        "360-379": {
            "correct": 0,
            "total": 0
        },
        "380-399": {
            "correct": 0,
            "total": 0
        },
        "400-419": {
            "correct": 0,
            "total": 0
        },