{
    "accuracy": 0.6171875,
    "precision": 0.6642602495543671,
    "recall": 0.6211432506887052,
    "f1": 0.6137182466373096,
    "classification_report": {
        "<PAD>": {
            "precision": 0.0,
            "recall": 0.0,
            "f1-score": 0.0,
            "support": 0.0
        },
        "DQUADROS": {
            "precision": 0.8,
            "recall": 0.7272727272727273,
            "f1-score": 0.7619047619047619,
            "support": 11.0
        },
        "Hearson": {
            "precision": 0.75,
            "recall": 0.2727272727272727,
            "f1-score": 0.4,
            "support": 11.0
        },
        "Hiroshi": {
            "precision": 0.4,
            "recall": 0.5454545454545454,
            "f1-score": 0.46153846153846156,
            "support": 11.0
        },
        "Ioannis70": {
            "precision": 0.5333333333333333,
            "recall": 0.7272727272727273,
            "f1-score": 0.6153846153846154,
            "support": 11.0
        },
        "KennyKwok": {
            "precision": 0.45,
            "recall": 0.8181818181818182,
            "f1-score": 0.5806451612903226,
            "support": 11.0
        },
        "Vitaliy": {
            "precision": 0.8,
            "recall": 0.36363636363636365,
            "f1-score": 0.5,
            "support": 11.0
        },
        "Yao": {
            "precision": 0.8235294117647058,
            "recall": 0.875,
            "f1-score": 0.8484848484848485,
            "support": 16.0
        },
        "alan790712": {
            "precision": 0.875,
            "recall": 0.6363636363636364,
            "f1-score": 0.7368421052631579,
            "support": 11.0
        },
        "along": {
            "precision": 0.6923076923076923,
            "recall": 0.9,
            "f1-score": 0.782608695652174,
            "support": 10.0
        },
        "trainsick": {
            "precision": 0.3076923076923077,
            "recall": 0.26666666666666666,
            "f1-score": 0.2857142857142857,
            "support": 15.0
        },
        "tutty": {
            "precision": 0.875,
            "recall": 0.7,
            "f1-score": 0.7777777777777778,
            "support": 10.0
        },
        "accuracy": 0.6171875,
        "macro avg": {
            "precision": 0.6089052287581699,
            "recall": 0.5693813131313132,
            "f1-score": 0.5625750594175337,
            "support": 128.0
        },
        "weighted avg": {
            "precision": 0.6574734280731523,
            "recall": 0.6171875,
            "f1-score": 0.610037521523171,
            "support": 128.0
        }
    },
    "num_tokens_50_bin_accuracies": {
        "0-49": {
            "correct": 41,
            "total": 77
        },
        "50-99": {
            "correct": 21,
            "total": 31
        },
        "100-149": {
            "correct": 6,
            "total": 9
        },
        "150-199": {
            "correct": 9,
            "total": 9
        },
        "200-249": {
            "correct": 1,
            "total": 1
        },
        "250-299": {
            "correct": 1,
            "total": 0
        },
        "300-349": {
            "correct": 0,
            "total": 0
        },
        "350-399": {
            "correct": 0,
            "total": 0
        },
        "400-449": {
            "correct": 0,
            "total": 0
        },
        "450-499": {
            "correct": 0,
            "total": 0
        }
    },
    "num_tokens_20_bin_accuracies": {
        "0-19": {
            "correct": 8,
            "total": 22
        },
        "20-39": {
            "correct": 26,
            "total": 45
        },
        "40-59": {
            "correct": 15,
            "total": 22
        },
        "60-79": {
            "correct": 7,
            "total": 13
        },
        "80-99": {
            "correct": 6,
            "total": 6
        },
        "100-119": {
            "correct": 4,
            "total": 6
        },
        "120-139": {
            "correct": 1,
            "total": 2
        },
        "140-159": {
            "correct": 1,
            "total": 1
        },
        "160-179": {
            "correct": 4,
            "total": 4
        },
        "180-199": {
            "correct": 5,
            "total": 5
        },
        "200-219": {
            "correct": 1,
            "total": 1
        },
        "220-239": {
            "correct": 0,
            "total": 0
        },
        "240-259": {
            "correct": 1,
            "total": 0
        },
        "260-279": {
            "correct": 0,
            "total": 0
        },
        "280-299": {
            "correct": 0,
            "total": 0
        },
        "300-319": {
            "correct": 0,
            "total": 0
        },
        "320-339": {
            "correct": 0,
            "total": 0
        },
        "340-359": {
            "correct": 0,
            "total": 0
        },
        "360-379": {
            "correct": 0,
            "total": 0
        },
        "380-399": {
            "correct": 0,
            "total": 0
        },
        "400-419": {
            "correct": 0,
            "total": 0
        },
        "420-439": {
            "correct": 0,
            "total": 0
        },
        "440-459": {
            "correct": 0,
            "total": 0
        },
        "460-479": {
            "correct": 0,
            "total": 0
        },
        "480-499": {
            "correct": 0,
            "total": 0
        }
    },
    "ast_depth_5_bin_accuracies": {
        "0-4": {
            "correct": 0,
            "total": 1
        },
        "5-9": {
            "correct": 38,
            "total": 64
        },
        "10-14": {
            "correct": 25,
            "total": 43
        },
        "15-19": {
            "correct": 14,
            "total": 17
        },
        "20-24": {
            "correct": 2,
            "total": 2
        },
        "25-29": {
            "correct": 0,
            "total": 0
        },
        "30-34": {
            "correct": 0,
            "total": 0
        },
        "35-39": {
            "correct": 0,
            "total": 0
        },
        "40-44": {
            "correct": 0,
            "total": 0
        },
        "45-49": {
            "correct": 0,
            "total": 0
        }
    },
    "ast_depth_2_bin_accuracies": {
        "0-1": {
            "correct": 0,
            "total": 0
        },
        "2-3": {
            "correct": 0,
            "total": 0
        },
        "4-5": {
            "correct": 3,
            "total": 9
        },
        "6-7": {
            "correct": 20,
            "total": 34
        },
        "8-9": {
            "correct": 15,
            "total": 22
        },
        "10-11": {
            "correct": 10,
            "total": 17
        },
        "12-13": {
            "correct": 9,
            "total": 17
        },
        "14-15": {
            "correct": 9,
            "total": 14
        },
        "16-17": {
            "correct": 4,
            "total": 5
        },
        "18-19": {
            "correct": 7,
            "total": 7
        },
        "20-21": {
            "correct": 2,
            "total": 2
        },
        "22-23": {
            "correct": 0,
            "total": 0
        },
        "24-25": {
            "correct": 0,
            "total": 0
        },
        "26-27": {
            "correct": 0,
            "total": 0
        },
        "28-29": {
            "correct": 0,
            "total": 0
        },
        "30-31": {
            "correct": 0,
            "total": 0
        },
        "32-33": {
            "correct": 0,
            "total": 0
        },
        "34-35": {
            "correct": 0,
            "total": 0
        },
        "36-37": {
            "correct": 0,
            "total": 0
        },
        "38-39": {
            "correct": 0,