{
    "accuracy": 0.5183823529411765,
    "precision": 0.6203189688962046,
    "recall": 0.5217078189300411,
    "f1": 0.5385782683321607,
    "classification_report": {
        "<PAD>": {
            "precision": 0.0,
            "recall": 0.0,
            "f1-score": 0.0,
            "support": 0.0
        },
        ".bf": {
            "precision": 0.7,
            "recall": 0.875,
            "f1-score": 0.7777777777777778,
            "support": 8.0
        },
        "0xFACE": {
            "precision": 0.4444444444444444,
            "recall": 0.4444444444444444,
            "f1-score": 0.4444444444444444,
            "support": 9.0
        },
        "Akerfeldt": {
            "precision": 0.5,
            "recall": 0.5,
            "f1-score": 0.5,
            "support": 10.0
        },
        "BeerCode": {
            "precision": 0.42857142857142855,
            "recall": 0.3333333333333333,
            "f1-score": 0.375,
            "support": 9.0
        },
        "DQUADROS": {
            "precision": 0.6428571428571429,
            "recall": 0.8181818181818182,
            "f1-score": 0.72,
            "support": 11.0
        },
        "Eduardopa": {
            "precision": 0.8333333333333334,
            "recall": 0.5,
            "f1-score": 0.625,
            "support": 10.0
        },
        "FurtherLee": {
            "precision": 1.0,
            "recall": 0.4444444444444444,
            "f1-score": 0.6153846153846154,
            "support": 9.0
        },
        "Hearson": {
            "precision": 0.7142857142857143,
            "recall": 0.45454545454545453,
            "f1-score": 0.5555555555555556,
            "support": 11.0
        },
        "Herty": {
            "precision": 0.8571428571428571,
            "recall": 0.6666666666666666,
            "f1-score": 0.75,
            "support": 9.0
        },
        "Hiroshi": {
            "precision": 0.42857142857142855,
            "recall": 0.2727272727272727,
            "f1-score": 0.3333333333333333,
            "support": 11.0
        },
        "Ioannis70": {
            "precision": 1.0,
            "recall": 0.45454545454545453,
            "f1-score": 0.625,
            "support": 11.0
        },
        "Karun": {
            "precision": 1.0,
            "recall": 0.3333333333333333,
            "f1-score": 0.5,
            "support": 9.0
        },
        "KennyKwok": {
            "precision": 0.6363636363636364,
            "recall": 0.6363636363636364,
            "f1-score": 0.6363636363636364,
            "support": 11.0
        },
        "StephenChen": {
            "precision": 1.0,
            "recall": 0.7777777777777778,
            "f1-score": 0.875,
            "support": 9.0
        },
        "Vitaliy": {
            "precision": 0.5714285714285714,
            "recall": 0.4,
            "f1-score": 0.47058823529411764,
            "support": 10.0
        },
        "Yao": {
            "precision": 0.8461538461538461,
            "recall": 0.7333333333333333,
            "f1-score": 0.7857142857142857,
            "support": 15.0
        },
        "alan790712": {
            "precision": 0.6666666666666666,
            "recall": 0.36363636363636365,
            "f1-score": 0.47058823529411764,
            "support": 11.0
        },
        "along": {
            "precision": 0.46153846153846156,
            "recall": 0.6,
            "f1-score": 0.5217391304347826,
            "support": 10.0
        },
        "darkraven": {
            "precision": 0.5,
            "recall": 0.7,
            "f1-score": 0.5833333333333334,
            "support": 10.0
        },
        "ferruhy": {
            "precision": 0.3,
            "recall": 0.3333333333333333,
            "f1-score": 0.3157894736842105,
            "support": 9.0
        },
        "goober": {
            "precision": 0.15384615384615385,
            "recall": 0.2222222222222222,
            "f1-score": 0.18181818181818182,
            "support": 9.0
        },
        "mtsay": {
            "precision": 0.5454545454545454,
            "recall": 0.6666666666666666,
            "f1-score": 0.6,
            "support": 9.0
        },
        "peterpan": {
            "precision": 0.5,
            "recall": 0.25,
            "f1-score": 0.3333333333333333,
            "support": 8.0
        },
        "ravi00ei51": {
            "precision": 1.0,
            "recall": 0.7777777777777778,
            "f1-score": 0.875,
            "support": 9.0
        },
        "sungyz": {
            "precision": 0.17073170731707318,
            "recall": 0.7777777777777778,
            "f1-score": 0.28,
            "support": 9.0
        },
        "trainsick": {
            "precision": 0.2222222222222222,
            "recall": 0.25,
            "f1-score": 0.23529411764705882,
            "support": 16.0
        },
        "tutty": {
            "precision": 0.625,
            "recall": 0.5,
            "f1-score": 0.5555555555555556,
            "support": 10.0
        },
        "accuracy": 0.5183823529411765,
        "macro avg": {
            "precision": 0.5981647200070545,
            "recall": 0.5030753968253968,
            "f1-score": 0.5193433301774407,
            "support": 272.0
        },
        "weighted avg": {
            "precision": 0.6170543294781099,
            "recall": 0.5183823529411765,
            "f1-score": 0.5369950382615079,
            "support": 272.0
        }
    },
    "num_tokens_50_bin_accuracies": {
        "0-49": {
            "correct": 79,
            "total": 160
        },
        "50-99": {
            "correct": 32,
            "total": 63
        },
        "100-149": {
            "correct": 14,
            "total": 26
        },
        "150-199": {
            "correct": 11,
            "total": 15
        },
        "200-249": {
            "correct": 1,
            "total": 3
        },
        "250-299": {
            "correct": 4,
            "total": 1
        },
        "300-349": {
            "correct": 0,
            "total": 0
        },
        "350-399": {
            "correct": 0,
            "total": 0
        },
        "400-449": {
            "correct": 0,
            "total": 0
        },
        "450-499": {
            "correct": 0,
            "total": 0
        }
    },
    "num_tokens_20_bin_accuracies": {
        "0-19": {
            "correct": 23,
            "total": 53
        },
        "20-39": {
            "correct": 41,
            "total": 81
        },
        "40-59": {
            "correct": 25,
            "total": 43
        },
        "60-79": {
            "correct": 9,
            "total": 23
        },
        "80-99": {
            "correct": 13,
            "total": 23
        },
        "100-119": {
            "correct": 8,
            "total": 13
        },
        "120-139": {
            "correct": 5,
            "total": 12
        },
        "140-159": {
            "correct": 3,
            "total": 5
        },
        "160-179": {
            "correct": 7,
            "total": 9
        },
        "180-199": {
            "correct": 2,
            "total": 2
        },
        "200-219": {
            "correct": 1,
            "total": 3
        },
        "220-239": {
            "correct": 0,
            "total": 0
        },
        "240-259": {
            "correct": 1,
            "total": 1
        },
        "260-279": {
            "correct": 1,
            "total": 0
        },
        "280-299": {
            "correct": 2,
            "total": 0
        },
        "300-319": {
            "correct": 0,
            "total": 0
        },
        "320-339": {
            "correct": 0,
            "total": 0
        },
        "340-359": {
            "correct": 0,
            "total": 0
        },
        "360-379": {
            "correct": 0,
            "total": 0
        },
        "380-399": {
            "correct": 0,
            "total": 0
        },