{
    "accuracy": 0.6377952755905512,
    "precision": 0.6901416765053129,
    "recall": 0.631404958677686,
    "f1": 0.6404239364537923,
    "classification_report": {
        "<PAD>": {
            "precision": 0.0,
            "recall": 0.0,
            "f1-score": 0.0,
            "support": 0.0
        },
        "DQUADROS": {
            "precision": 0.6923076923076923,
            "recall": 0.8181818181818182,
            "f1-score": 0.75,
            "support": 11.0
        },
        "Hearson": {
            "precision": 0.8,
            "recall": 0.4,
            "f1-score": 0.5333333333333333,
            "support": 10.0
        },
        "Hiroshi": {
            "precision": 0.7,
            "recall": 0.6363636363636364,
            "f1-score": 0.6666666666666666,
            "support": 11.0
        },
        "Ioannis70": {
            "precision": 0.6666666666666666,
            "recall": 0.5454545454545454,
            "f1-score": 0.6,
            "support": 11.0
        },
        "KennyKwok": {
            "precision": 0.3076923076923077,
            "recall": 0.6666666666666666,
            "f1-score": 0.42105263157894735,
            "support": 12.0
        },
        "Vitaliy": {
            "precision": 0.7272727272727273,
            "recall": 0.7272727272727273,
            "f1-score": 0.7272727272727273,
            "support": 11.0
        },
        "Yao": {
            "precision": 0.8333333333333334,
            "recall": 0.6666666666666666,
            "f1-score": 0.7407407407407407,
            "support": 15.0
        },
        "alan790712": {
            "precision": 0.75,
            "recall": 0.8181818181818182,
            "f1-score": 0.782608695652174,
            "support": 11.0
        },
        "along": {
            "precision": 0.6,
            "recall": 0.6,
            "f1-score": 0.6,
            "support": 10.0
        },
        "trainsick": {
            "precision": 0.7142857142857143,
            "recall": 0.6666666666666666,
            "f1-score": 0.6896551724137931,
            "support": 15.0
        },
        "tutty": {
            "precision": 0.8,
            "recall": 0.4,
            "f1-score": 0.5333333333333333,
            "support": 10.0
        },
        "accuracy": 0.6377952755905512,
        "macro avg": {
            "precision": 0.6326298701298702,
            "recall": 0.5787878787878789,
            "f1-score": 0.5870552750826429,
            "support": 127.0
        },
        "weighted avg": {
            "precision": 0.6913804043725302,
            "recall": 0.6377952755905512,
            "f1-score": 0.6454115427436165,
            "support": 127.0
        }
    },
    "num_tokens_50_bin_accuracies": {
        "0-49": {
            "correct": 46,
            "total": 74
        },
        "50-99": {
            "correct": 20,
            "total": 31
        },
        "100-149": {
            "correct": 10,
            "total": 16
        },
        "150-199": {
            "correct": 3,
            "total": 3
        },
        "200-249": {
            "correct": 1,
            "total": 2
        },
        "250-299": {
            "correct": 1,
            "total": 0
        },
        "300-349": {
            "correct": 0,
            "total": 0
        },
        "350-399": {
            "correct": 0,
            "total": 0
        },
        "400-449": {
            "correct": 0,
            "total": 0
        },
        "450-499": {
            "correct": 0,
            "total": 0
        }
    },
    "num_tokens_20_bin_accuracies": {
        "0-19": {
            "correct": 11,
            "total": 21
        },
        "20-39": {
            "correct": 27,
            "total": 39
        },
        "40-59": {
            "correct": 15,
            "total": 24
        },
        "60-79": {
            "correct": 5,
            "total": 7
        },
        "80-99": {
            "correct": 8,
            "total": 14
        },
        "100-119": {
            "correct": 5,
            "total": 7
        },
        "120-139": {
            "correct": 2,
            "total": 6
        },
        "140-159": {
            "correct": 3,
            "total": 3
        },
        "160-179": {
            "correct": 2,
            "total": 2
        },
        "180-199": {
            "correct": 1,
            "total": 1
        },
        "200-219": {
            "correct": 1,
            "total": 2
        },
        "220-239": {
            "correct": 0,
            "total": 0
        },
        "240-259": {
            "correct": 0,
            "total": 0
        },
        "260-279": {
            "correct": 1,
            "total": 0
        },
        "280-299": {
            "correct": 0,
            "total": 0
        },
        "300-319": {
            "correct": 0,
            "total": 0
        },
        "320-339": {
            "correct": 0,
            "total": 0
        },
        "340-359": {
            "correct": 0,
            "total": 0
        },
        "360-379": {
            "correct": 0,
            "total": 0
        },
        "380-399": {
            "correct": 0,
            "total": 0
        },
        "400-419": {
            "correct": 0,
            "total": 0
        },
        "420-439": {
            "correct": 0,
            "total": 0
        },
        "440-459": {
            "correct": 0,
            "total": 0
        },
        "460-479": {
            "correct": 0,
            "total": 0
        },
        "480-499": {
            "correct": 0,
            "total": 0
        }
    },
    "ast_depth_5_bin_accuracies": {
        "0-4": {
            "correct": 0,
            "total": 3
        },
        "5-9": {
            "correct": 39,
            "total": 58
        },
        "10-14": {
            "correct": 32,
            "total": 52
        },
        "15-19": {
            "correct": 8,
            "total": 12
        },
        "20-24": {
            "correct": 2,
            "total": 1
        },
        "25-29": {
            "correct": 0,
            "total": 0
        },
        "30-34": {
            "correct": 0,
            "total": 0
        },
        "35-39": {
            "correct": 0,
            "total": 0
        },
        "40-44": {
            "correct": 0,
            "total": 0
        },
        "45-49": {
            "correct": 0,
            "total": 0
        }
    },
    "ast_depth_2_bin_accuracies": {
        "0-1": {
            "correct": 0,
            "total": 0
        },
        "2-3": {
            "correct": 0,
            "total": 0
        },
        "4-5": {
            "correct": 3,
            "total": 7
        },
        "6-7": {
            "correct": 24,
            "total": 28
        },
        "8-9": {
            "correct": 12,
            "total": 26
        },
        "10-11": {
            "correct": 15,
            "total": 26
        },
        "12-13": {
            "correct": 14,
            "total": 20
        },
        "14-15": {
            "correct": 9,
            "total": 13
        },
        "16-17": {
            "correct": 1,
            "total": 4
        },
        "18-19": {
            "correct": 1,
            "total": 1
        },
        "20-21": {
            "correct": 1,
            "total": 0
        },
        "22-23": {
            "correct": 1,
            "total": 1
        },
        "24-25": {
            "correct": 0,
            "total": 0
        },
        "26-27": {
            "correct": 0,
            "total": 0
        },
        "28-29": {
            "correct": 0,
            "total": 0
        },
        "30-31": {
            "correct": 0,
            "total": 0
        },
        "32-33": {
            "correct": 0,
            "total": 0
        },
        "34-35": {
            "correct": 0,
            "total": 0
        },
        "36-37": {
            "correct": 0,
            "total": 0
        },