{
    "accuracy": 0.7209302325581395,
    "precision": 0.78998778998779,
    "recall": 0.7347222222222222,
    "f1": 0.7250957854406129,
    "classification_report": {
        "<PAD>": {
            "precision": 0.0,
            "recall": 0.0,
            "f1-score": 0.0,
            "support": 0.0
        },
        "KennyKwok": {
            "precision": 0.5238095238095238,
            "recall": 0.9166666666666666,
            "f1-score": 0.6666666666666666,
            "support": 12.0
        },
        "Yao": {
            "precision": 1.0,
            "recall": 0.6,
            "f1-score": 0.75,
            "support": 15.0
        },
        "trainsick": {
            "precision": 0.8461538461538461,
            "recall": 0.6875,
            "f1-score": 0.7586206896551724,
            "support": 16.0
        },
        "accuracy": 0.7209302325581395,
        "macro avg": {
            "precision": 0.5924908424908425,
            "recall": 0.5510416666666667,
            "f1-score": 0.5438218390804597,
            "support": 43.0
        },
        "weighted avg": {
            "precision": 0.8098645540506005,
            "recall": 0.7209302325581395,
            "f1-score": 0.7299518845228549,
            "support": 43.0
        }
    },
    "num_tokens_50_bin_accuracies": {
        "0-49": {
            "correct": 19,
            "total": 28
        },
        "50-99": {
            "correct": 7,
            "total": 8
        },
        "100-149": {
            "correct": 2,
            "total": 2
        },
        "150-199": {
            "correct": 2,
            "total": 4
        },
        "200-249": {
            "correct": 1,
            "total": 1
        },
        "250-299": {
            "correct": 0,
            "total": 0
        },
        "300-349": {
            "correct": 0,
            "total": 0
        },
        "350-399": {
            "correct": 0,
            "total": 0
        },
        "400-449": {
            "correct": 0,
            "total": 0
        },
        "450-499": {
            "correct": 0,
            "total": 0
        }
    },
    "num_tokens_20_bin_accuracies": {
        "0-19": {
            "correct": 7,
            "total": 10
        },
        "20-39": {
            "correct": 11,
            "total": 17
        },
        "40-59": {
            "correct": 5,
            "total": 6
        },
        "60-79": {
            "correct": 1,
            "total": 1
        },
        "80-99": {
            "correct": 2,
            "total": 2
        },
        "100-119": {
            "correct": 1,
            "total": 1
        },
        "120-139": {
            "correct": 1,
            "total": 1
        },
        "140-159": {
            "correct": 0,
            "total": 0
        },
        "160-179": {
            "correct": 1,
            "total": 2
        },
        "180-199": {
            "correct": 1,
            "total": 2
        },
        "200-219": {
            "correct": 1,
            "total": 1
        },
        "220-239": {
            "correct": 0,
            "total": 0
        },
        "240-259": {
            "correct": 0,
            "total": 0
        },
        "260-279": {
            "correct": 0,
            "total": 0
        },
        "280-299": {
            "correct": 0,
            "total": 0
        },
        "300-319": {
            "correct": 0,
            "total": 0
        },
        "320-339": {
            "correct": 0,
            "total": 0
        },
        "340-359": {
            "correct": 0,
            "total": 0
        },
        "360-379": {
            "correct": 0,
            "total": 0
        },
        "380-399": {
            "correct": 0,
            "total": 0
        },
        "400-419": {
            "correct": 0,
            "total": 0
        },
        "420-439": {
            "correct": 0,
            "total": 0
        },
        "440-459": {
            "correct": 0,
            "total": 0
        },
        "460-479": {
            "correct": 0,
            "total": 0
        },
        "480-499": {
            "correct": 0,
            "total": 0
        }
    },
    "ast_depth_5_bin_accuracies": {
        "0-4": {
            "correct": 1,
            "total": 1
        },
        "5-9": {
            "correct": 16,
            "total": 23
        },
        "10-14": {
            "correct": 11,
            "total": 14
        },
        "15-19": {
            "correct": 2,
            "total": 4
        },
        "20-24": {
            "correct": 1,
            "total": 1
        },
        "25-29": {
            "correct": 0,
            "total": 0
        },
        "30-34": {
            "correct": 0,
            "total": 0
        },
        "35-39": {
            "correct": 0,
            "total": 0
        },
        "40-44": {
            "correct": 0,
            "total": 0
        },
        "45-49": {
            "correct": 0,
            "total": 0
        }
    },
    "ast_depth_2_bin_accuracies": {
        "0-1": {
            "correct": 0,
            "total": 0
        },
        "2-3": {
            "correct": 0,
            "total": 0
        },
        "4-5": {
            "correct": 2,
            "total": 3
        },
        "6-7": {
            "correct": 12,
            "total": 16
        },
        "8-9": {
            "correct": 3,
            "total": 5
        },
        "10-11": {
            "correct": 7,
            "total": 9
        },
        "12-13": {
            "correct": 3,
            "total": 4
        },
        "14-15": {
            "correct": 1,
            "total": 1
        },
        "16-17": {
            "correct": 2,
            "total": 2
        },
        "18-19": {
            "correct": 0,
            "total": 2
        },
        "20-21": {
            "correct": 0,
            "total": 0
        },
        "22-23": {
            "correct": 1,
            "total": 1
        },
        "24-25": {
            "correct": 0,
            "total": 0
        },
        "26-27": {
            "correct": 0,
            "total": 0
        },
        "28-29": {
            "correct": 0,
            "total": 0
        },
        "30-31": {
            "correct": 0,
            "total": 0
        },
        "32-33": {
            "correct": 0,
            "total": 0
        },
        "34-35": {
            "correct": 0,
            "total": 0
        },
        "36-37": {
            "correct": 0,
            "total": 0
        },
        "38-39": {
            "correct": 0,
            "total": 0
        },
        "40-41": {
            "correct": 0,
            "total": 0
        },
        "42-43": {
            "correct": 0,
            "total": 0
        },
        "44-45": {
            "correct": 0,
            "total": 0
        },
        "46-47": {
            "correct": 0,
            "total": 0
        },
        "48-49": {
            "correct": 0,
            "total": 0
        }
    },
    "num_nodes_50_bin_accuracies": {
        "0-49": {
            "correct": 14,
            "total": 19
        },
        "50-99": {
            "correct": 5,
            "total": 9
        },
        "100-149": {
            "correct": 4,
            "total": 5
        },
        "150-199": {
            "correct": 3,
            "total": 3
        },
        "200-249": {
            "correct": 1,
            "total": 1
        },
        "250-299": {
            "correct": 0,
            "total": 0
        },
        "300-349": {
            "correct": 2,
            "total": 3
        },
        "350-399": {
            "correct": 1,
            "total": 2
        },
        "400-449": {
            "correct": 1,
            "total": 1
        },
        "450-499": {
            "correct": 0,
            "total": 0
        },
        "500-549": {
            "correct": 0,
            "total": 0
        },
        "550-599": {
            "correct": 0,