{
    "accuracy": 0.6162361623616236,
    "precision": 0.6560626102292768,
    "recall": 0.6142255892255893,
    "f1": 0.6211218698527942,
    "classification_report": {
        "<PAD>": {
            "precision": 0.0,
            "recall": 0.0,
            "f1-score": 0.0,
            "support": 0.0
        },
        ".bf": {
            "precision": 0.7,
            "recall": 0.7777777777777778,
            "f1-score": 0.7368421052631579,
            "support": 9.0
        },
        "0xFACE": {
            "precision": 1.0,
            "recall": 0.5,
            "f1-score": 0.6666666666666666,
            "support": 8.0
        },
        "Akerfeldt": {
            "precision": 0.5555555555555556,
            "recall": 0.5,
            "f1-score": 0.5263157894736842,
            "support": 10.0
        },
        "BeerCode": {
            "precision": 0.375,
            "recall": 0.375,
            "f1-score": 0.375,
            "support": 8.0
        },
        "DQUADROS": {
            "precision": 0.6923076923076923,
            "recall": 0.75,
            "f1-score": 0.72,
            "support": 12.0
        },
        "Eduardopa": {
            "precision": 0.7692307692307693,
            "recall": 1.0,
            "f1-score": 0.8695652173913043,
            "support": 10.0
        },
        "FurtherLee": {
            "precision": 0.5,
            "recall": 0.5,
            "f1-score": 0.5,
            "support": 10.0
        },
        "Hearson": {
            "precision": 0.6666666666666666,
            "recall": 0.2,
            "f1-score": 0.3076923076923077,
            "support": 10.0
        },
        "Herty": {
            "precision": 0.875,
            "recall": 0.7,
            "f1-score": 0.7777777777777778,
            "support": 10.0
        },
        "Hiroshi": {
            "precision": 0.4375,
            "recall": 0.6363636363636364,
            "f1-score": 0.5185185185185185,
            "support": 11.0
        },
        "Ioannis70": {
            "precision": 0.7,
            "recall": 0.6363636363636364,
            "f1-score": 0.6666666666666666,
            "support": 11.0
        },
        "Karun": {
            "precision": 1.0,
            "recall": 0.75,
            "f1-score": 0.8571428571428571,
            "support": 8.0
        },
        "KennyKwok": {
            "precision": 0.8333333333333334,
            "recall": 0.8333333333333334,
            "f1-score": 0.8333333333333334,
            "support": 12.0
        },
        "StephenChen": {
            "precision": 0.8333333333333334,
            "recall": 0.625,
            "f1-score": 0.7142857142857143,
            "support": 8.0
        },
        "Vitaliy": {
            "precision": 0.6363636363636364,
            "recall": 0.6363636363636364,
            "f1-score": 0.6363636363636364,
            "support": 11.0
        },
        "Yao": {
            "precision": 0.8181818181818182,
            "recall": 0.6,
            "f1-score": 0.6923076923076923,
            "support": 15.0
        },
        "alan790712": {
            "precision": 0.3888888888888889,
            "recall": 0.5833333333333334,
            "f1-score": 0.4666666666666667,
            "support": 12.0
        },
        "along": {
            "precision": 0.5454545454545454,
            "recall": 0.6,
            "f1-score": 0.5714285714285714,
            "support": 10.0
        },
        "darkraven": {
            "precision": 0.7142857142857143,
            "recall": 0.5,
            "f1-score": 0.5882352941176471,
            "support": 10.0
        },
        "ferruhy": {
            "precision": 0.38461538461538464,
            "recall": 0.5555555555555556,
            "f1-score": 0.45454545454545453,
            "support": 9.0
        },
        "goober": {
            "precision": 0.15384615384615385,
            "recall": 0.2,
            "f1-score": 0.17391304347826086,
            "support": 10.0
        },
        "mtsay": {
            "precision": 0.75,
            "recall": 0.75,
            "f1-score": 0.75,
            "support": 8.0
        },
        "peterpan": {
            "precision": 0.5555555555555556,
            "recall": 0.625,
            "f1-score": 0.5882352941176471,
            "support": 8.0
        },
        "ravi00ei51": {
            "precision": 0.8571428571428571,
            "recall": 0.75,
            "f1-score": 0.8,
            "support": 8.0
        },
        "sungyz": {
            "precision": 0.5714285714285714,
            "recall": 0.5,
            "f1-score": 0.5333333333333333,
            "support": 8.0
        },
        "trainsick": {
            "precision": 0.5,
            "recall": 0.6,
            "f1-score": 0.5454545454545454,
            "support": 15.0
        },
        "tutty": {
            "precision": 0.9,
            "recall": 0.9,
            "f1-score": 0.9,
            "support": 10.0
        },
        "accuracy": 0.6162361623616236,
        "macro avg": {
            "precision": 0.6326318027210884,
            "recall": 0.592288961038961,
            "f1-score": 0.59893894592948,
            "support": 271.0
        },
        "weighted avg": {
            "precision": 0.6507793405856137,
            "recall": 0.6162361623616236,
            "f1-score": 0.6198987069362119,
            "support": 271.0
        }
    },
    "num_tokens_50_bin_accuracies": {
        "0-49": {
            "correct": 91,
            "total": 150
        },
        "50-99": {
            "correct": 43,
            "total": 75
        },
        "100-149": {
            "correct": 19,
            "total": 24
        },
        "150-199": {
            "correct": 12,
            "total": 15
        },
        "200-249": {
            "correct": 0,
            "total": 3
        },
        "250-299": {
            "correct": 2,
            "total": 1
        },
        "300-349": {
            "correct": 0,
            "total": 1
        },
        "350-399": {
            "correct": 0,
            "total": 0
        },
        "400-449": {
            "correct": 0,
            "total": 0
        },
        "450-499": {
            "correct": 0,
            "total": 0
        }
    },
    "num_tokens_20_bin_accuracies": {
        "0-19": {
            "correct": 21,
            "total": 50
        },
        "20-39": {
            "correct": 61,
            "total": 84
        },
        "40-59": {
            "correct": 23,
            "total": 43
        },
        "60-79": {
            "correct": 12,
            "total": 20
        },
        "80-99": {
            "correct": 17,
            "total": 28
        },
        "100-119": {
            "correct": 10,
            "total": 12
        },
        "120-139": {
            "correct": 7,
            "total": 8
        },
        "140-159": {
            "correct": 4,
            "total": 7
        },
        "160-179": {
            "correct": 4,
            "total": 4
        },
        "180-199": {
            "correct": 6,
            "total": 8
        },
        "200-219": {
            "correct": 0,
            "total": 2
        },
        "220-239": {
            "correct": 0,
            "total": 1
        },
        "240-259": {
            "correct": 2,
            "total": 1
        },
        "260-279": {
            "correct": 0,
            "total": 0
        },
        "280-299": {
            "correct": 0,
            "total": 0
        },
        "300-319": {
            "correct": 0,
            "total": 1
        },
        "320-339": {
            "correct": 0,
            "total": 0
        },
        "340-359": {
            "correct": 0,
            "total": 0
        },
        "360-379": {
            "correct": 0,
            "total": 0
        },
        "380-399": {
            "correct": 0,
            "total": 0
        },
        "400-419": {
            "correct": 0,
            "total": 0
        },