{
    "accuracy": 0.7441860465116279,
    "precision": 0.8333333333333334,
    "recall": 0.7708333333333334,
    "f1": 0.7479365079365078,
    "classification_report": {
        "<PAD>": {
            "precision": 0.0,
            "recall": 0.0,
            "f1-score": 0.0,
            "support": 0.0
        },
        "KennyKwok": {
            "precision": 0.5,
            "recall": 1.0,
            "f1-score": 0.6666666666666666,
            "support": 11.0
        },
        "Yao": {
            "precision": 1.0,
            "recall": 0.75,
            "f1-score": 0.8571428571428571,
            "support": 16.0
        },
        "trainsick": {
            "precision": 1.0,
            "recall": 0.5625,
            "f1-score": 0.72,
            "support": 16.0
        },
        "accuracy": 0.7441860465116279,
        "macro avg": {
            "precision": 0.625,
            "recall": 0.578125,
            "f1-score": 0.5609523809523809,
            "support": 43.0
        },
        "weighted avg": {
            "precision": 0.872093023255814,
            "recall": 0.7441860465116279,
            "f1-score": 0.7573864894795127,
            "support": 43.0
        }
    },
    "num_tokens_50_bin_accuracies": {
        "0-49": {
            "correct": 17,
            "total": 23
        },
        "50-99": {
            "correct": 5,
            "total": 6
        },
        "100-149": {
            "correct": 3,
            "total": 5
        },
        "150-199": {
            "correct": 2,
            "total": 4
        },
        "200-249": {
            "correct": 2,
            "total": 2
        },
        "250-299": {
            "correct": 3,
            "total": 0
        },
        "300-349": {
            "correct": 0,
            "total": 0
        },
        "350-399": {
            "correct": 0,
            "total": 0
        },
        "400-449": {
            "correct": 0,
            "total": 0
        },
        "450-499": {
            "correct": 0,
            "total": 0
        }
    },
    "num_tokens_20_bin_accuracies": {
        "0-19": {
            "correct": 5,
            "total": 6
        },
        "20-39": {
            "correct": 11,
            "total": 16
        },
        "40-59": {
            "correct": 2,
            "total": 3
        },
        "60-79": {
            "correct": 3,
            "total": 3
        },
        "80-99": {
            "correct": 1,
            "total": 1
        },
        "100-119": {
            "correct": 0,
            "total": 2
        },
        "120-139": {
            "correct": 1,
            "total": 1
        },
        "140-159": {
            "correct": 2,
            "total": 2
        },
        "160-179": {
            "correct": 1,
            "total": 2
        },
        "180-199": {
            "correct": 1,
            "total": 2
        },
        "200-219": {
            "correct": 1,
            "total": 1
        },
        "220-239": {
            "correct": 0,
            "total": 0
        },
        "240-259": {
            "correct": 1,
            "total": 1
        },
        "260-279": {
            "correct": 0,
            "total": 0
        },
        "280-299": {
            "correct": 3,
            "total": 0
        },
        "300-319": {
            "correct": 0,
            "total": 0
        },
        "320-339": {
            "correct": 0,
            "total": 0
        },
        "340-359": {
            "correct": 0,
            "total": 0
        },
        "360-379": {
            "correct": 0,
            "total": 0
        },
        "380-399": {
            "correct": 0,
            "total": 0
        },
        "400-419": {
            "correct": 0,
            "total": 0
        },
        "420-439": {
            "correct": 0,
            "total": 0
        },
        "440-459": {
            "correct": 0,
            "total": 0
        },
        "460-479": {
            "correct": 0,
            "total": 0
        },
        "480-499": {
            "correct": 0,
            "total": 0
        }
    },
    "ast_depth_5_bin_accuracies": {
        "0-4": {
            "correct": 0,
            "total": 0
        },
        "5-9": {
            "correct": 16,
            "total": 19
        },
        "10-14": {
            "correct": 9,
            "total": 16
        },
        "15-19": {
            "correct": 4,
            "total": 4
        },
        "20-24": {
            "correct": 3,
            "total": 1
        },
        "25-29": {
            "correct": 0,
            "total": 0
        },
        "30-34": {
            "correct": 0,
            "total": 0
        },
        "35-39": {
            "correct": 0,
            "total": 0
        },
        "40-44": {
            "correct": 0,
            "total": 0
        },
        "45-49": {
            "correct": 0,
            "total": 0
        }
    },
    "ast_depth_2_bin_accuracies": {
        "0-1": {
            "correct": 0,
            "total": 0
        },
        "2-3": {
            "correct": 0,
            "total": 0
        },
        "4-5": {
            "correct": 1,
            "total": 1
        },
        "6-7": {
            "correct": 11,
            "total": 13
        },
        "8-9": {
            "correct": 4,
            "total": 5
        },
        "10-11": {
            "correct": 3,
            "total": 7
        },
        "12-13": {
            "correct": 6,
            "total": 8
        },
        "14-15": {
            "correct": 2,
            "total": 4
        },
        "16-17": {
            "correct": 0,
            "total": 0
        },
        "18-19": {
            "correct": 2,
            "total": 1
        },
        "20-21": {
            "correct": 2,
            "total": 0
        },
        "22-23": {
            "correct": 1,
            "total": 1
        },
        "24-25": {
            "correct": 0,
            "total": 0
        },
        "26-27": {
            "correct": 0,
            "total": 0
        },
        "28-29": {
            "correct": 0,
            "total": 0
        },
        "30-31": {
            "correct": 0,
            "total": 0
        },
        "32-33": {
            "correct": 0,
            "total": 0
        },
        "34-35": {
            "correct": 0,
            "total": 0
        },
        "36-37": {
            "correct": 0,
            "total": 0
        },
        "38-39": {
            "correct": 0,
            "total": 0
        },
        "40-41": {
            "correct": 0,
            "total": 0
        },
        "42-43": {
            "correct": 0,
            "total": 0
        },
        "44-45": {
            "correct": 0,
            "total": 0
        },
        "46-47": {
            "correct": 0,
            "total": 0
        },
        "48-49": {
            "correct": 0,
            "total": 0
        }
    },
    "num_nodes_50_bin_accuracies": {
        "0-49": {
            "correct": 12,
            "total": 13
        },
        "50-99": {
            "correct": 5,
            "total": 10
        },
        "100-149": {
            "correct": 3,
            "total": 4
        },
        "150-199": {
            "correct": 2,
            "total": 2
        },
        "200-249": {
            "correct": 0,
            "total": 2
        },
        "250-299": {
            "correct": 2,
            "total": 2
        },
        "300-349": {
            "correct": 2,
            "total": 3
        },
        "350-399": {
            "correct": 1,
            "total": 1
        },
        "400-449": {
            "correct": 1,
            "total": 2
        },
        "450-499": {
            "correct": 1,
            "total": 1
        },
        "500-549": {
            "correct": 0,
            "total": 0
        },
        "550-599": {
            "correct": 0,
            "total": 0
        }
    },