{
    "accuracy": 0.5952380952380952,
    "precision": 0.6431372549019608,
    "recall": 0.6055555555555555,
    "f1": 0.5688013136288999,
    "classification_report": {
        "<PAD>": {
            "precision": 0.0,
            "recall": 0.0,
            "f1-score": 0.0,
            "support": 0.0
        },
        "KennyKwok": {
            "precision": 0.5294117647058824,
            "recall": 0.75,
            "f1-score": 0.6206896551724138,
            "support": 12.0
        },
        "Yao": {
            "precision": 0.6,
            "recall": 0.8,
            "f1-score": 0.6857142857142857,
            "support": 15.0
        },
        "trainsick": {
            "precision": 0.8,
            "recall": 0.26666666666666666,
            "f1-score": 0.4,
            "support": 15.0
        },
        "accuracy": 0.5952380952380952,
        "macro avg": {
            "precision": 0.4823529411764706,
            "recall": 0.45416666666666666,
            "f1-score": 0.4266009852216749,
            "support": 42.0
        },
        "weighted avg": {
            "precision": 0.6512605042016807,
            "recall": 0.5952380952380952,
            "f1-score": 0.5650950035186488,
            "support": 42.0
        }
    },
    "num_tokens_50_bin_accuracies": {
        "0-49": {
            "correct": 12,
            "total": 24
        },
        "50-99": {
            "correct": 6,
            "total": 10
        },
        "100-149": {
            "correct": 3,
            "total": 4
        },
        "150-199": {
            "correct": 4,
            "total": 4
        },
        "200-249": {
            "correct": 0,
            "total": 0
        },
        "250-299": {
            "correct": 0,
            "total": 0
        },
        "300-349": {
            "correct": 0,
            "total": 0
        },
        "350-399": {
            "correct": 0,
            "total": 0
        },
        "400-449": {
            "correct": 0,
            "total": 0
        },
        "450-499": {
            "correct": 0,
            "total": 0
        }
    },
    "num_tokens_20_bin_accuracies": {
        "0-19": {
            "correct": 1,
            "total": 5
        },
        "20-39": {
            "correct": 9,
            "total": 15
        },
        "40-59": {
            "correct": 5,
            "total": 10
        },
        "60-79": {
            "correct": 0,
            "total": 1
        },
        "80-99": {
            "correct": 3,
            "total": 3
        },
        "100-119": {
            "correct": 2,
            "total": 3
        },
        "120-139": {
            "correct": 1,
            "total": 1
        },
        "140-159": {
            "correct": 2,
            "total": 2
        },
        "160-179": {
            "correct": 1,
            "total": 1
        },
        "180-199": {
            "correct": 1,
            "total": 1
        },
        "200-219": {
            "correct": 0,
            "total": 0
        },
        "220-239": {
            "correct": 0,
            "total": 0
        },
        "240-259": {
            "correct": 0,
            "total": 0
        },
        "260-279": {
            "correct": 0,
            "total": 0
        },
        "280-299": {
            "correct": 0,
            "total": 0
        },
        "300-319": {
            "correct": 0,
            "total": 0
        },
        "320-339": {
            "correct": 0,
            "total": 0
        },
        "340-359": {
            "correct": 0,
            "total": 0
        },
        "360-379": {
            "correct": 0,
            "total": 0
        },
        "380-399": {
            "correct": 0,
            "total": 0
        },
        "400-419": {
            "correct": 0,
            "total": 0
        },
        "420-439": {
            "correct": 0,
            "total": 0
        },
        "440-459": {
            "correct": 0,
            "total": 0
        },
        "460-479": {
            "correct": 0,
            "total": 0
        },
        "480-499": {
            "correct": 0,
            "total": 0
        }
    },
    "ast_depth_5_bin_accuracies": {
        "0-4": {
            "correct": 0,
            "total": 0
        },
        "5-9": {
            "correct": 9,
            "total": 21
        },
        "10-14": {
            "correct": 11,
            "total": 16
        },
        "15-19": {
            "correct": 5,
            "total": 5
        },
        "20-24": {
            "correct": 0,
            "total": 0
        },
        "25-29": {
            "correct": 0,
            "total": 0
        },
        "30-34": {
            "correct": 0,
            "total": 0
        },
        "35-39": {
            "correct": 0,
            "total": 0
        },
        "40-44": {
            "correct": 0,
            "total": 0
        },
        "45-49": {
            "correct": 0,
            "total": 0
        }
    },
    "ast_depth_2_bin_accuracies": {
        "0-1": {
            "correct": 0,
            "total": 0
        },
        "2-3": {
            "correct": 0,
            "total": 0
        },
        "4-5": {
            "correct": 0,
            "total": 0
        },
        "6-7": {
            "correct": 7,
            "total": 16
        },
        "8-9": {
            "correct": 2,
            "total": 5
        },
        "10-11": {
            "correct": 5,
            "total": 7
        },
        "12-13": {
            "correct": 5,
            "total": 7
        },
        "14-15": {
            "correct": 3,
            "total": 4
        },
        "16-17": {
            "correct": 3,
            "total": 3
        },
        "18-19": {
            "correct": 0,
            "total": 0
        },
        "20-21": {
            "correct": 0,
            "total": 0
        },
        "22-23": {
            "correct": 0,
            "total": 0
        },
        "24-25": {
            "correct": 0,
            "total": 0
        },
        "26-27": {
            "correct": 0,
            "total": 0
        },
        "28-29": {
            "correct": 0,
            "total": 0
        },
        "30-31": {
            "correct": 0,
            "total": 0
        },
        "32-33": {
            "correct": 0,
            "total": 0
        },
        "34-35": {
            "correct": 0,
            "total": 0
        },
        "36-37": {
            "correct": 0,
            "total": 0
        },
        "38-39": {
            "correct": 0,
            "total": 0
        },
        "40-41": {
            "correct": 0,
            "total": 0
        },
        "42-43": {
            "correct": 0,
            "total": 0
        },
        "44-45": {
            "correct": 0,
            "total": 0
        },
        "46-47": {
            "correct": 0,
            "total": 0
        },
        "48-49": {
            "correct": 0,
            "total": 0
        }
    },
    "num_nodes_50_bin_accuracies": {
        "0-49": {
            "correct": 8,
            "total": 13
        },
        "50-99": {
            "correct": 4,
            "total": 11
        },
        "100-149": {
            "correct": 3,
            "total": 7
        },
        "150-199": {
            "correct": 3,
            "total": 3
        },
        "200-249": {
            "correct": 2,
            "total": 3
        },
        "250-299": {
            "correct": 1,
            "total": 1
        },
        "300-349": {
            "correct": 3,
            "total": 3
        },
        "350-399": {
            "correct": 0,
            "total": 0
        },
        "400-449": {
            "correct": 1,
            "total": 1
        },
        "450-499": {
            "correct": 0,
            "total": 0
        },
        "500-549": {
            "correct": 0,
            "total": 0
        },
        "550-599": {
            "correct": 0,