{
    "accuracy": 0.5919117647058824,
    "precision": 0.6101423268089934,
    "recall": 0.5832678638234194,
    "f1": 0.5772817856880379,
    "classification_report": {
        "<PAD>": {
            "precision": 0.0,
            "recall": 0.0,
            "f1-score": 0.0,
            "support": 0.0
        },
        ".bf": {
            "precision": 0.7777777777777778,
            "recall": 0.875,
            "f1-score": 0.8235294117647058,
            "support": 8.0
        },
        "0xFACE": {
            "precision": 0.7777777777777778,
            "recall": 0.875,
            "f1-score": 0.8235294117647058,
            "support": 8.0
        },
        "Akerfeldt": {
            "precision": 0.625,
            "recall": 0.5,
            "f1-score": 0.5555555555555556,
            "support": 10.0
        },
        "BeerCode": {
            "precision": 0.6666666666666666,
            "recall": 0.4444444444444444,
            "f1-score": 0.5333333333333333,
            "support": 9.0
        },
        "DQUADROS": {
            "precision": 0.7692307692307693,
            "recall": 0.9090909090909091,
            "f1-score": 0.8333333333333334,
            "support": 11.0
        },
        "Eduardopa": {
            "precision": 0.75,
            "recall": 0.6666666666666666,
            "f1-score": 0.7058823529411765,
            "support": 9.0
        },
        "FurtherLee": {
            "precision": 0.6,
            "recall": 0.6666666666666666,
            "f1-score": 0.631578947368421,
            "support": 9.0
        },
        "Hearson": {
            "precision": 0.46153846153846156,
            "recall": 0.6,
            "f1-score": 0.5217391304347826,
            "support": 10.0
        },
        "Herty": {
            "precision": 0.7777777777777778,
            "recall": 0.7777777777777778,
            "f1-score": 0.7777777777777778,
            "support": 9.0
        },
        "Hiroshi": {
            "precision": 0.5,
            "recall": 0.5454545454545454,
            "f1-score": 0.5217391304347826,
            "support": 11.0
        },
        "Ioannis70": {
            "precision": 0.5555555555555556,
            "recall": 0.9090909090909091,
            "f1-score": 0.6896551724137931,
            "support": 11.0
        },
        "Karun": {
            "precision": 0.75,
            "recall": 0.3333333333333333,
            "f1-score": 0.46153846153846156,
            "support": 9.0
        },
        "KennyKwok": {
            "precision": 0.5625,
            "recall": 0.75,
            "f1-score": 0.6428571428571429,
            "support": 12.0
        },
        "StephenChen": {
            "precision": 0.7142857142857143,
            "recall": 0.5555555555555556,
            "f1-score": 0.625,
            "support": 9.0
        },
        "Vitaliy": {
            "precision": 0.5454545454545454,
            "recall": 0.6,
            "f1-score": 0.5714285714285714,
            "support": 10.0
        },
        "Yao": {
            "precision": 0.8125,
            "recall": 0.8125,
            "f1-score": 0.8125,
            "support": 16.0
        },
        "alan790712": {
            "precision": 0.2857142857142857,
            "recall": 0.18181818181818182,
            "f1-score": 0.2222222222222222,
            "support": 11.0
        },
        "along": {
            "precision": 0.4444444444444444,
            "recall": 0.8,
            "f1-score": 0.5714285714285714,
            "support": 10.0
        },
        "darkraven": {
            "precision": 0.5,
            "recall": 0.2,
            "f1-score": 0.2857142857142857,
            "support": 10.0
        },
        "ferruhy": {
            "precision": 0.5,
            "recall": 0.3,
            "f1-score": 0.375,
            "support": 10.0
        },
        "goober": {
            "precision": 0.4,
            "recall": 0.2222222222222222,
            "f1-score": 0.2857142857142857,
            "support": 9.0
        },
        "mtsay": {
            "precision": 0.4,
            "recall": 0.2222222222222222,
            "f1-score": 0.2857142857142857,
            "support": 9.0
        },
        "peterpan": {
            "precision": 0.6666666666666666,
            "recall": 0.4444444444444444,
            "f1-score": 0.5333333333333333,
            "support": 9.0
        },
        "ravi00ei51": {
            "precision": 1.0,
            "recall": 0.625,
            "f1-score": 0.7692307692307693,
            "support": 8.0
        },
        "sungyz": {
            "precision": 0.5714285714285714,
            "recall": 0.4444444444444444,
            "f1-score": 0.5,
            "support": 9.0
        },
        "trainsick": {
            "precision": 0.39285714285714285,
            "recall": 0.6875,
            "f1-score": 0.5,
            "support": 16.0
        },
        "tutty": {
            "precision": 0.6666666666666666,
            "recall": 0.8,
            "f1-score": 0.7272727272727273,
            "support": 10.0
        },
        "accuracy": 0.5919117647058824,
        "macro avg": {
            "precision": 0.588351529422958,
            "recall": 0.5624368686868687,
            "f1-score": 0.5566645790563223,
            "support": 272.0
        },
        "weighted avg": {
            "precision": 0.6021990264637322,
            "recall": 0.5919117647058824,
            "f1-score": 0.5776518173406149,
            "support": 272.0
        }
    },
    "num_tokens_50_bin_accuracies": {
        "0-49": {
            "correct": 91,
            "total": 143
        },
        "50-99": {
            "correct": 37,
            "total": 71
        },
        "100-149": {
            "correct": 21,
            "total": 31
        },
        "150-199": {
            "correct": 4,
            "total": 9
        },
        "200-249": {
            "correct": 4,
            "total": 12
        },
        "250-299": {
            "correct": 4,
            "total": 0
        },
        "300-349": {
            "correct": 0,
            "total": 2
        },
        "350-399": {
            "correct": 0,
            "total": 0
        },
        "400-449": {
            "correct": 0,
            "total": 0
        },
        "450-499": {
            "correct": 0,
            "total": 0
        }
    },
    "num_tokens_20_bin_accuracies": {
        "0-19": {
            "correct": 22,
            "total": 42
        },
        "20-39": {
            "correct": 59,
            "total": 85
        },
        "40-59": {
            "correct": 24,
            "total": 41
        },
        "60-79": {
            "correct": 13,
            "total": 27
        },
        "80-99": {
            "correct": 10,
            "total": 19
        },
        "100-119": {
            "correct": 11,
            "total": 19
        },
        "120-139": {
            "correct": 5,
            "total": 6
        },
        "140-159": {
            "correct": 5,
            "total": 7
        },
        "160-179": {
            "correct": 1,
            "total": 4
        },
        "180-199": {
            "correct": 3,
            "total": 4
        },
        "200-219": {
            "correct": 2,
            "total": 6
        },
        "220-239": {
            "correct": 2,
            "total": 4
        },
        "240-259": {
            "correct": 0,
            "total": 2
        },
        "260-279": {
            "correct": 0,
            "total": 0
        },
        "280-299": {
            "correct": 4,
            "total": 0
        },
        "300-319": {
            "correct": 0,
            "total": 1
        },
        "320-339": {
            "correct": 0,
            "total": 1
        },
        "340-359": {
            "correct": 0,
            "total": 0
        },
        "360-379": {
            "correct": 0,
            "total": 0
        },
        "380-399": {
            "correct": 0,
            "total": 0
        },