{
    "accuracy": 0.5367647058823529,
    "precision": 0.6119364702698036,
    "recall": 0.5265525626636737,
    "f1": 0.5385968952882533,
    "classification_report": {
        "<PAD>": {
            "precision": 0.0,
            "recall": 0.0,
            "f1-score": 0.0,
            "support": 0.0
        },
        ".bf": {
            "precision": 0.7777777777777778,
            "recall": 0.875,
            "f1-score": 0.8235294117647058,
            "support": 8.0
        },
        "0xFACE": {
            "precision": 1.0,
            "recall": 0.5555555555555556,
            "f1-score": 0.7142857142857143,
            "support": 9.0
        },
        "Akerfeldt": {
            "precision": 0.75,
            "recall": 0.3,
            "f1-score": 0.42857142857142855,
            "support": 10.0
        },
        "BeerCode": {
            "precision": 0.4444444444444444,
            "recall": 0.4444444444444444,
            "f1-score": 0.4444444444444444,
            "support": 9.0
        },
        "DQUADROS": {
            "precision": 0.8333333333333334,
            "recall": 0.9090909090909091,
            "f1-score": 0.8695652173913043,
            "support": 11.0
        },
        "Eduardopa": {
            "precision": 0.6153846153846154,
            "recall": 0.8,
            "f1-score": 0.6956521739130435,
            "support": 10.0
        },
        "FurtherLee": {
            "precision": 0.4444444444444444,
            "recall": 0.4444444444444444,
            "f1-score": 0.4444444444444444,
            "support": 9.0
        },
        "Hearson": {
            "precision": 0.8,
            "recall": 0.36363636363636365,
            "f1-score": 0.5,
            "support": 11.0
        },
        "Herty": {
            "precision": 1.0,
            "recall": 0.6666666666666666,
            "f1-score": 0.8,
            "support": 9.0
        },
        "Hiroshi": {
            "precision": 0.20833333333333334,
            "recall": 0.45454545454545453,
            "f1-score": 0.2857142857142857,
            "support": 11.0
        },
        "Ioannis70": {
            "precision": 0.5,
            "recall": 0.45454545454545453,
            "f1-score": 0.47619047619047616,
            "support": 11.0
        },
        "Karun": {
            "precision": 0.5,
            "recall": 0.6666666666666666,
            "f1-score": 0.5714285714285714,
            "support": 9.0
        },
        "KennyKwok": {
            "precision": 0.625,
            "recall": 0.9090909090909091,
            "f1-score": 0.7407407407407407,
            "support": 11.0
        },
        "StephenChen": {
            "precision": 0.75,
            "recall": 0.3333333333333333,
            "f1-score": 0.46153846153846156,
            "support": 9.0
        },
        "Vitaliy": {
            "precision": 0.6363636363636364,
            "recall": 0.7,
            "f1-score": 0.6666666666666666,
            "support": 10.0
        },
        "Yao": {
            "precision": 0.8181818181818182,
            "recall": 0.6,
            "f1-score": 0.6923076923076923,
            "support": 15.0
        },
        "alan790712": {
            "precision": 0.6,
            "recall": 0.5454545454545454,
            "f1-score": 0.5714285714285714,
            "support": 11.0
        },
        "along": {
            "precision": 0.625,
            "recall": 0.5,
            "f1-score": 0.5555555555555556,
            "support": 10.0
        },
        "darkraven": {
            "precision": 0.36363636363636365,
            "recall": 0.4,
            "f1-score": 0.38095238095238093,
            "support": 10.0
        },
        "ferruhy": {
            "precision": 0.5,
            "recall": 0.4444444444444444,
            "f1-score": 0.47058823529411764,
            "support": 9.0
        },
        "goober": {
            "precision": 0.0,
            "recall": 0.0,
            "f1-score": 0.0,
            "support": 9.0
        },
        "mtsay": {
            "precision": 0.2727272727272727,
            "recall": 0.3333333333333333,
            "f1-score": 0.3,
            "support": 9.0
        },
        "peterpan": {
            "precision": 0.8,
            "recall": 0.5,
            "f1-score": 0.6153846153846154,
            "support": 8.0
        },
        "ravi00ei51": {
            "precision": 1.0,
            "recall": 0.4444444444444444,
            "f1-score": 0.6153846153846154,
            "support": 9.0
        },
        "sungyz": {
            "precision": 0.6666666666666666,
            "recall": 0.2222222222222222,
            "f1-score": 0.3333333333333333,
            "support": 9.0
        },
        "trainsick": {
            "precision": 0.32432432432432434,
            "recall": 0.75,
            "f1-score": 0.4528301886792453,
            "support": 16.0
        },
        "tutty": {
            "precision": 0.6666666666666666,
            "recall": 0.6,
            "f1-score": 0.631578947368421,
            "support": 10.0
        },
        "accuracy": 0.5367647058823529,
        "macro avg": {
            "precision": 0.5900815963315963,
            "recall": 0.5077471139971139,
            "f1-score": 0.5193612918851013,
            "support": 272.0
        },
        "weighted avg": {
            "precision": 0.6069578319578319,
            "recall": 0.5367647058823529,
            "f1-score": 0.5404781056560858,
            "support": 272.0
        }
    },
    "num_tokens_50_bin_accuracies": {
        "0-49": {
            "correct": 92,
            "total": 164
        },
        "50-99": {
            "correct": 32,
            "total": 66
        },
        "100-149": {
            "correct": 14,
            "total": 24
        },
        "150-199": {
            "correct": 5,
            "total": 12
        },
        "200-249": {
            "correct": 0,
            "total": 3
        },
        "250-299": {
            "correct": 3,
            "total": 0
        },
        "300-349": {
            "correct": 0,
            "total": 0
        },
        "350-399": {
            "correct": 0,
            "total": 0
        },
        "400-449": {
            "correct": 0,
            "total": 0
        },
        "450-499": {
            "correct": 0,
            "total": 0
        }
    },
    "num_tokens_20_bin_accuracies": {
        "0-19": {
            "correct": 23,
            "total": 50
        },
        "20-39": {
            "correct": 51,
            "total": 94
        },
        "40-59": {
            "correct": 30,
            "total": 50
        },
        "60-79": {
            "correct": 13,
            "total": 20
        },
        "80-99": {
            "correct": 7,
            "total": 16
        },
        "100-119": {
            "correct": 7,
            "total": 13
        },
        "120-139": {
            "correct": 3,
            "total": 4
        },
        "140-159": {
            "correct": 5,
            "total": 10
        },
        "160-179": {
            "correct": 3,
            "total": 7
        },
        "180-199": {
            "correct": 1,
            "total": 2
        },
        "200-219": {
            "correct": 0,
            "total": 3
        },
        "220-239": {
            "correct": 0,
            "total": 0
        },
        "240-259": {
            "correct": 2,
            "total": 0
        },
        "260-279": {
            "correct": 0,
            "total": 0
        },
        "280-299": {
            "correct": 1,
            "total": 0
        },
        "300-319": {
            "correct": 0,
            "total": 0
        },
        "320-339": {
            "correct": 0,
            "total": 0
        },
        "340-359": {
            "correct": 0,
            "total": 0
        },
        "360-379": {
            "correct": 0,
            "total": 0
        },
        "380-399": {
            "correct": 0,
            "total": 0
        },